-- MySQL dump 10.13  Distrib 8.0.22, for Linux (x86_64)
--
-- Host: 127.0.0.1    Database: bhotels
-- ------------------------------------------------------
-- Server version	8.0.22

/*!40101 SET @OLD_CHARACTER_SET_CLIENT=@@CHARACTER_SET_CLIENT */;
/*!40101 SET @OLD_CHARACTER_SET_RESULTS=@@CHARACTER_SET_RESULTS */;
/*!40101 SET @OLD_COLLATION_CONNECTION=@@COLLATION_CONNECTION */;
/*!50503 SET NAMES utf8mb4 */;
/*!40103 SET @OLD_TIME_ZONE=@@TIME_ZONE */;
/*!40103 SET TIME_ZONE='+00:00' */;
/*!40014 SET @OLD_UNIQUE_CHECKS=@@UNIQUE_CHECKS, UNIQUE_CHECKS=0 */;
/*!40014 SET @OLD_FOREIGN_KEY_CHECKS=@@FOREIGN_KEY_CHECKS, FOREIGN_KEY_CHECKS=0 */;
/*!40101 SET @OLD_SQL_MODE=@@SQL_MODE, SQL_MODE='NO_AUTO_VALUE_ON_ZERO' */;
/*!40111 SET @OLD_SQL_NOTES=@@SQL_NOTES, SQL_NOTES=0 */;

--
-- Table structure for table `booking_status`
--

DROP TABLE IF EXISTS `booking_status`;
/*!40101 SET @saved_cs_client     = @@character_set_client */;
/*!50503 SET character_set_client = utf8mb4 */;
CREATE TABLE `booking_status` (
  `id` int unsigned NOT NULL AUTO_INCREMENT COMMENT 'Идентификатор строки',
  `name` varchar(100) NOT NULL COMMENT 'Название статуса',
  `created_at` datetime DEFAULT CURRENT_TIMESTAMP COMMENT 'Время создания строки',
  `updated_at` datetime DEFAULT CURRENT_TIMESTAMP ON UPDATE CURRENT_TIMESTAMP COMMENT 'Время обновления строки',
  PRIMARY KEY (`id`),
  UNIQUE KEY `name` (`name`)
) ENGINE=InnoDB AUTO_INCREMENT=4 DEFAULT CHARSET=utf8mb4 COLLATE=utf8mb4_0900_ai_ci COMMENT='Статусы бронирования';
/*!40101 SET character_set_client = @saved_cs_client */;

--
-- Dumping data for table `booking_status`
--

LOCK TABLES `booking_status` WRITE;
/*!40000 ALTER TABLE `booking_status` DISABLE KEYS */;
INSERT INTO `booking_status` VALUES (1,'запрошено','2018-11-09 18:42:34','2021-02-07 12:35:12'),(2,'подтвержено','2019-10-07 11:56:14','2021-02-07 12:35:12'),(3,'отклонено','2018-05-06 18:48:32','2021-02-07 12:35:12');
/*!40000 ALTER TABLE `booking_status` ENABLE KEYS */;
UNLOCK TABLES;

--
-- Table structure for table `bookings`
--

DROP TABLE IF EXISTS `bookings`;
/*!40101 SET @saved_cs_client     = @@character_set_client */;
/*!50503 SET character_set_client = utf8mb4 */;
CREATE TABLE `bookings` (
  `id` int unsigned NOT NULL AUTO_INCREMENT COMMENT 'Идентификатор строки',
  `user_id` int unsigned NOT NULL COMMENT 'Ссылка на пользователя',
  `hotel_id` int unsigned NOT NULL COMMENT 'Ссылка на отель',
  `arrival` date NOT NULL COMMENT 'Дата заезда',
  `departure` date NOT NULL COMMENT 'Дата выезда',
  `booking_status_id` int unsigned NOT NULL COMMENT 'Ссылка на статус бронирования',
  `created_at` datetime DEFAULT CURRENT_TIMESTAMP COMMENT 'Время создания строки',
  `updated_at` datetime DEFAULT CURRENT_TIMESTAMP ON UPDATE CURRENT_TIMESTAMP COMMENT 'Время обновления строки',
  PRIMARY KEY (`id`),
  KEY `bookings_booking_status_id_fk` (`booking_status_id`),
  KEY `bookings_user_id_fk` (`user_id`),
  KEY `bookings_hotel_id_fk` (`hotel_id`),
  KEY `bookings_arrival_departure_booking_status_id_idx` (`arrival`,`departure`,`booking_status_id`),
  CONSTRAINT `bookings_booking_status_id_fk` FOREIGN KEY (`booking_status_id`) REFERENCES `booking_status` (`id`) ON DELETE CASCADE,
  CONSTRAINT `bookings_hotel_id_fk` FOREIGN KEY (`hotel_id`) REFERENCES `hotels` (`id`) ON DELETE CASCADE,
  CONSTRAINT `bookings_user_id_fk` FOREIGN KEY (`user_id`) REFERENCES `users` (`id`)
) ENGINE=InnoDB AUTO_INCREMENT=101 DEFAULT CHARSET=utf8mb4 COLLATE=utf8mb4_unicode_ci COMMENT='Бронирования';
/*!40101 SET character_set_client = @saved_cs_client */;

--
-- Dumping data for table `bookings`
--

LOCK TABLES `bookings` WRITE;
/*!40000 ALTER TABLE `bookings` DISABLE KEYS */;
INSERT INTO `bookings` VALUES (1,53,76,'1932-11-19','2015-10-13',1,'2017-07-30 20:32:34','2021-02-07 12:41:08'),(2,22,80,'2005-08-05','2021-01-07',2,'2016-03-05 02:18:55','2021-02-07 12:41:08'),(3,33,26,'1945-11-17','2019-10-17',3,'2016-11-16 19:17:53','2021-02-07 12:41:08'),(4,29,68,'1974-07-04','2017-05-05',1,'2019-02-20 12:07:09','2021-02-07 12:41:08'),(5,54,63,'1962-10-07','2014-04-20',2,'2018-11-06 16:37:53','2021-02-07 12:41:08'),(6,53,76,'1933-10-13','2011-10-29',3,'2017-08-06 05:50:40','2021-02-07 12:41:08'),(7,19,66,'1965-12-13','2011-08-18',1,'2016-04-05 18:39:28','2021-02-07 12:41:08'),(8,72,61,'1952-09-14','2019-09-17',2,'2017-03-26 13:22:36','2021-02-07 12:41:08'),(9,89,60,'2013-07-08','2017-05-08',3,'2018-12-23 23:58:33','2021-02-07 12:41:08'),(10,34,90,'2000-09-05','2020-08-14',1,'2020-06-09 01:49:55','2021-02-07 12:41:08'),(11,46,59,'1982-01-25','2011-03-16',2,'2013-11-13 19:23:53','2021-02-07 12:41:08'),(12,57,6,'2003-01-09','2012-10-18',3,'2020-09-01 10:25:35','2021-02-07 12:41:08'),(13,62,88,'2000-11-16','2020-07-27',1,'2019-08-25 02:29:51','2021-02-07 12:41:08'),(14,55,12,'1994-08-03','2020-08-05',2,'2016-07-05 10:32:30','2021-02-07 12:41:08'),(15,92,24,'1956-02-16','2020-08-25',3,'2018-09-08 14:01:40','2021-02-07 12:41:08'),(16,46,56,'1983-10-20','2020-09-17',1,'2016-06-10 08:37:49','2021-02-07 12:41:08'),(17,40,34,'1976-06-15','2020-08-19',2,'2011-04-07 16:24:09','2021-02-07 12:41:08'),(18,48,39,'2012-01-19','2014-02-26',3,'2017-01-16 07:21:05','2021-02-07 12:41:08'),(19,52,40,'1935-09-10','2019-11-08',1,'2012-12-20 07:59:32','2021-02-07 12:41:08'),(20,44,1,'1974-03-04','2013-01-20',2,'2016-11-04 05:13:03','2021-02-07 12:41:08'),(21,71,52,'1924-12-01','2017-08-18',3,'2013-09-16 11:32:02','2021-02-07 12:41:08'),(22,45,69,'1946-10-17','2014-01-21',1,'2019-10-03 09:05:36','2021-02-07 12:41:08'),(23,12,49,'1927-08-15','2011-05-04',2,'2020-05-15 20:09:54','2021-02-07 12:41:08'),(24,11,5,'1968-09-25','2012-05-31',3,'2018-06-05 19:33:03','2021-02-07 12:41:08'),(25,92,45,'2009-10-16','2019-08-20',1,'2018-10-26 07:38:36','2021-02-07 12:41:08'),(26,50,13,'1965-02-03','2011-03-01',2,'2020-07-13 13:25:28','2021-02-07 12:41:08'),(27,15,35,'1982-11-30','2015-02-16',3,'2012-01-01 17:21:13','2021-02-07 12:41:08'),(28,31,50,'1960-05-08','2017-03-10',1,'2019-12-27 04:25:35','2021-02-07 12:41:08'),(29,58,36,'1962-04-29','2013-08-24',2,'2017-01-26 18:07:19','2021-02-07 12:41:08'),(30,8,30,'2012-06-17','2015-04-07',3,'2013-12-09 12:37:28','2021-02-07 12:41:08'),(31,26,38,'2010-04-25','2017-09-13',1,'2016-04-03 01:10:57','2021-02-07 12:41:08'),(32,12,45,'1984-06-15','2012-10-28',2,'2013-01-24 00:32:21','2021-02-07 12:41:08'),(33,88,5,'1963-10-20','2017-08-19',3,'2017-12-04 09:08:13','2021-02-07 12:41:08'),(34,59,81,'2012-10-06','2016-02-25',1,'2013-05-09 00:26:11','2021-02-07 12:41:08'),(35,29,2,'2001-09-27','2011-10-08',2,'2012-06-06 14:58:23','2021-02-07 12:41:08'),(36,21,1,'1941-01-27','2011-05-29',3,'2013-05-20 11:26:34','2021-02-07 12:41:08'),(37,39,92,'2016-08-28','2015-08-10',1,'2013-11-15 09:47:28','2021-02-07 12:41:08'),(38,43,37,'1996-12-17','2016-06-20',2,'2016-09-21 02:46:47','2021-02-07 12:41:08'),(39,55,65,'1961-02-10','2011-05-08',3,'2011-07-12 10:23:08','2021-02-07 12:41:08'),(40,60,5,'1982-10-20','2016-12-04',1,'2011-12-10 12:21:41','2021-02-07 12:41:08'),(41,44,4,'2013-08-09','2021-01-24',2,'2018-04-09 03:34:09','2021-02-07 12:41:08'),(42,87,24,'1964-10-25','2014-04-03',3,'2011-03-15 22:28:31','2021-02-07 12:41:08'),(43,57,14,'1934-02-16','2017-09-17',1,'2012-01-31 04:40:05','2021-02-07 12:41:08'),(44,98,45,'2000-02-28','2018-08-31',2,'2014-06-18 16:41:01','2021-02-07 12:41:08'),(45,34,32,'1980-11-16','2017-08-22',3,'2014-10-13 06:15:09','2021-02-07 12:41:08'),(46,59,98,'1975-03-24','2018-01-07',1,'2012-08-19 16:28:17','2021-02-07 12:41:08'),(47,14,75,'1974-10-06','2011-10-31',2,'2018-04-17 11:50:14','2021-02-07 12:41:08'),(48,34,42,'2002-03-20','2016-04-04',3,'2013-02-25 10:43:07','2021-02-07 12:41:08'),(49,6,6,'1962-11-08','2017-09-04',1,'2016-11-23 21:26:54','2021-02-07 12:41:08'),(50,12,39,'1928-11-02','2013-11-18',2,'2014-04-25 17:57:17','2021-02-07 12:41:08'),(51,62,90,'1966-04-23','2019-07-15',3,'2018-05-28 15:06:22','2021-02-07 12:41:08'),(52,64,48,'1937-08-26','2016-07-15',1,'2015-09-16 15:07:08','2021-02-07 12:41:08'),(53,49,99,'1981-05-06','2020-02-02',2,'2018-06-07 09:02:16','2021-02-07 12:41:08'),(54,47,38,'1942-11-28','2012-06-19',3,'2012-11-23 05:57:40','2021-02-07 12:41:08'),(55,47,22,'1989-08-03','2011-12-20',1,'2011-10-24 08:57:32','2021-02-07 12:41:08'),(56,69,80,'1937-01-18','2012-09-12',2,'2013-08-03 21:19:40','2021-02-07 12:41:08'),(57,91,14,'1978-03-23','2015-11-19',3,'2012-03-21 19:27:10','2021-02-07 12:41:08'),(58,98,45,'1992-10-09','2020-06-28',1,'2011-12-18 20:38:34','2021-02-07 12:41:08'),(59,33,27,'1922-07-31','2019-03-01',2,'2012-09-11 10:15:33','2021-02-07 12:41:08'),(60,38,6,'1936-12-16','2020-08-29',3,'2017-10-18 15:26:37','2021-02-07 12:41:08'),(61,18,70,'1989-08-05','2020-08-06',1,'2015-03-25 00:24:22','2021-02-07 12:41:08'),(62,96,70,'1960-06-16','2017-05-12',2,'2019-03-17 22:14:51','2021-02-07 12:41:08'),(63,61,96,'1942-03-16','2013-01-27',3,'2014-12-03 02:10:10','2021-02-07 12:41:08'),(64,97,95,'1970-02-05','2019-11-10',1,'2018-03-30 15:09:07','2021-02-07 12:41:08'),(65,83,28,'2015-02-21','2012-10-22',2,'2019-02-12 09:50:25','2021-02-07 12:41:08'),(66,93,79,'2004-02-28','2016-12-25',3,'2017-03-09 19:01:17','2021-02-07 12:41:08'),(67,18,50,'1965-11-04','2016-01-18',1,'2017-08-14 03:54:36','2021-02-07 12:41:08'),(68,95,24,'1921-06-01','2017-04-08',2,'2011-03-21 15:10:37','2021-02-07 12:41:08'),(69,34,97,'1955-07-31','2020-01-24',3,'2014-01-05 10:10:05','2021-02-07 12:41:08'),(70,85,34,'1946-11-20','2019-02-02',1,'2015-07-05 00:11:16','2021-02-07 12:41:08'),(71,15,69,'1957-07-16','2020-01-30',2,'2016-12-17 10:04:04','2021-02-07 12:41:08'),(72,3,6,'2015-01-23','2015-05-02',3,'2015-10-05 19:29:40','2021-02-07 12:41:08'),(73,19,80,'1987-07-13','2019-03-29',1,'2018-12-14 18:27:05','2021-02-07 12:41:08'),(74,40,60,'2021-02-04','2020-05-05',2,'2014-10-25 07:23:28','2021-02-07 12:41:08'),(75,80,20,'1959-04-26','2018-07-23',3,'2020-05-15 01:12:34','2021-02-07 12:41:08'),(76,58,32,'1921-03-26','2013-07-10',1,'2012-02-17 19:44:59','2021-02-07 12:41:08'),(77,85,30,'1968-02-29','2020-02-16',2,'2020-12-14 00:59:05','2021-02-07 12:41:08'),(78,93,73,'1927-09-09','2011-10-25',3,'2013-09-09 06:57:01','2021-02-07 12:41:08'),(79,88,21,'1991-02-13','2014-02-26',1,'2016-12-30 04:30:57','2021-02-07 12:41:08'),(80,39,32,'1937-10-19','2017-09-08',2,'2011-04-08 10:15:05','2021-02-07 12:41:08'),(81,41,11,'2010-03-25','2020-04-09',3,'2017-01-13 22:38:38','2021-02-07 12:41:08'),(82,31,21,'1926-08-06','2019-04-28',1,'2015-08-07 15:27:51','2021-02-07 12:41:08'),(83,13,2,'1922-12-25','2013-02-18',2,'2020-03-08 11:38:05','2021-02-07 12:41:08'),(84,67,32,'1924-01-21','2021-01-26',3,'2012-11-19 23:53:51','2021-02-07 12:41:08'),(85,57,90,'1973-12-23','2012-04-28',1,'2021-01-26 10:13:26','2021-02-07 12:41:08'),(86,76,12,'2015-06-25','2013-05-11',2,'2020-07-26 02:48:38','2021-02-07 12:41:08'),(87,29,8,'1927-12-25','2017-11-29',3,'2018-11-26 10:35:22','2021-02-07 12:41:08'),(88,53,42,'1953-05-11','2014-10-30',1,'2019-04-16 22:31:44','2021-02-07 12:41:08'),(89,49,18,'1961-11-10','2013-08-19',2,'2012-06-22 16:06:42','2021-02-07 12:41:08'),(90,45,70,'1948-05-23','2011-03-16',3,'2013-06-07 23:34:12','2021-02-07 12:41:08'),(91,12,52,'2014-05-31','2011-05-20',1,'2018-07-18 16:32:34','2021-02-07 12:41:08'),(92,21,48,'1937-06-16','2012-08-10',2,'2015-12-15 13:36:14','2021-02-07 12:41:08'),(93,77,41,'1944-05-23','2013-10-31',3,'2019-11-05 10:26:55','2021-02-07 12:41:08'),(94,74,48,'1982-01-13','2018-12-08',1,'2012-07-03 22:48:43','2021-02-07 12:41:08'),(95,16,35,'1997-10-15','2016-05-05',2,'2011-07-28 00:18:22','2021-02-07 12:41:08'),(96,28,35,'2000-09-08','2015-07-14',3,'2020-09-28 07:08:19','2021-02-07 12:41:08'),(97,89,39,'1965-02-16','2015-05-02',1,'2018-10-25 15:15:08','2021-02-07 12:41:08'),(98,28,22,'1973-08-21','2020-09-07',2,'2018-09-06 18:28:19','2021-02-07 12:41:08'),(99,24,54,'2013-01-11','2019-02-10',3,'2015-06-19 14:52:18','2021-02-07 12:41:08'),(100,100,37,'1993-11-11','2017-04-02',1,'2018-09-02 04:22:54','2021-02-07 12:41:08');
/*!40000 ALTER TABLE `bookings` ENABLE KEYS */;
UNLOCK TABLES;

--
-- Table structure for table `favorites_hotels`
--

DROP TABLE IF EXISTS `favorites_hotels`;
/*!40101 SET @saved_cs_client     = @@character_set_client */;
/*!50503 SET character_set_client = utf8mb4 */;
CREATE TABLE `favorites_hotels` (
  `user_id` int unsigned NOT NULL COMMENT 'Ссылка на пользователя',
  `hotel_id` int unsigned NOT NULL COMMENT 'Ссылка на отель',
  `created_at` datetime DEFAULT CURRENT_TIMESTAMP COMMENT 'Время создания строки',
  `updated_at` datetime DEFAULT CURRENT_TIMESTAMP ON UPDATE CURRENT_TIMESTAMP COMMENT 'Время обновления строки',
  PRIMARY KEY (`user_id`,`hotel_id`) COMMENT 'Составной первичный ключ',
  KEY `favorites_hotels_hotel_id_fk` (`hotel_id`),
  CONSTRAINT `favorites_hotels_hotel_id_fk` FOREIGN KEY (`hotel_id`) REFERENCES `hotels` (`id`) ON DELETE CASCADE,
  CONSTRAINT `favorites_hotels_user_id_fk` FOREIGN KEY (`user_id`) REFERENCES `users` (`id`)
) ENGINE=InnoDB DEFAULT CHARSET=utf8mb4 COLLATE=utf8mb4_unicode_ci COMMENT='Избранные отели';
/*!40101 SET character_set_client = @saved_cs_client */;

--
-- Dumping data for table `favorites_hotels`
--

LOCK TABLES `favorites_hotels` WRITE;
/*!40000 ALTER TABLE `favorites_hotels` DISABLE KEYS */;
INSERT INTO `favorites_hotels` VALUES (1,17,'2018-03-09 21:14:41','2021-02-07 12:43:52'),(4,98,'2020-05-04 17:11:37','2021-02-07 12:43:52'),(5,95,'2016-01-14 08:55:49','2021-02-07 12:43:52'),(6,62,'2017-08-17 19:17:16','2021-02-07 12:43:52'),(7,12,'2015-10-13 10:16:31','2021-02-07 12:43:52'),(7,43,'2017-12-01 11:39:42','2021-02-07 12:43:52'),(8,14,'2016-01-19 02:57:24','2021-02-07 12:43:52'),(8,33,'2015-10-31 10:16:45','2021-02-07 12:43:52'),(11,29,'2013-01-15 15:37:18','2021-02-07 12:43:52'),(11,68,'2019-09-29 05:51:24','2021-02-07 12:43:52'),(12,36,'2015-08-23 13:49:47','2021-02-07 12:43:52'),(13,88,'2016-07-03 05:36:39','2021-02-07 12:43:52'),(15,10,'2020-08-04 09:38:13','2021-02-07 12:43:52'),(15,16,'2017-03-08 22:37:12','2021-02-07 12:43:52'),(15,82,'2019-08-10 21:36:22','2021-02-07 12:43:52'),(16,31,'2017-01-13 02:00:42','2021-02-07 12:43:52'),(16,38,'2012-06-27 05:12:34','2021-02-07 12:43:52'),(17,34,'2013-09-07 18:44:57','2021-02-07 12:43:52'),(17,37,'2014-11-07 03:23:47','2021-02-07 12:43:52'),(18,6,'2018-03-14 08:44:32','2021-02-07 12:43:52'),(18,38,'2012-01-23 08:42:15','2021-02-07 12:43:52'),(18,62,'2016-06-12 00:25:19','2021-02-07 12:43:52'),(19,91,'2012-07-05 20:41:27','2021-02-07 12:43:52'),(20,31,'2011-10-07 07:37:47','2021-02-07 12:43:52'),(21,85,'2018-01-12 19:57:28','2021-02-07 12:43:52'),(24,65,'2011-04-18 17:49:16','2021-02-07 12:43:52'),(24,85,'2015-12-30 08:22:56','2021-02-07 12:43:52'),(25,56,'2013-12-10 03:06:26','2021-02-07 12:43:52'),(26,5,'2019-06-02 18:40:35','2021-02-07 12:43:52'),(28,71,'2017-12-17 19:26:39','2021-02-07 12:43:52'),(28,87,'2012-02-18 07:32:59','2021-02-07 12:43:52'),(31,41,'2019-10-18 10:22:36','2021-02-07 12:43:52'),(32,77,'2014-01-28 23:07:36','2021-02-07 12:43:52'),(32,84,'2012-06-14 10:07:55','2021-02-07 12:43:52'),(33,42,'2011-07-05 13:48:18','2021-02-07 12:43:52'),(35,9,'2014-02-20 05:11:05','2021-02-07 12:43:52'),(35,64,'2015-11-26 05:12:22','2021-02-07 12:43:52'),(36,31,'2013-10-22 20:39:10','2021-02-07 12:43:52'),(37,94,'2018-12-17 22:34:24','2021-02-07 12:43:52'),(38,63,'2015-06-19 21:21:15','2021-02-07 12:43:52'),(38,75,'2020-12-05 02:03:16','2021-02-07 12:43:52'),(39,9,'2012-07-29 17:20:42','2021-02-07 12:43:52'),(39,26,'2017-06-01 13:10:01','2021-02-07 12:43:52'),(40,16,'2017-03-26 01:32:49','2021-02-07 12:43:52'),(41,90,'2013-01-04 00:24:15','2021-02-07 12:43:52'),(42,71,'2016-04-06 05:51:43','2021-02-07 12:43:52'),(43,8,'2020-11-04 10:35:48','2021-02-07 12:43:52'),(43,49,'2015-05-16 23:46:46','2021-02-07 12:43:52'),(44,5,'2011-08-17 03:11:22','2021-02-07 12:43:52'),(44,17,'2017-01-15 10:14:55','2021-02-07 12:43:52'),(46,87,'2016-10-25 15:15:29','2021-02-07 12:43:52'),(48,44,'2017-01-08 12:28:21','2021-02-07 12:43:52'),(50,87,'2016-02-16 06:30:36','2021-02-07 12:43:52'),(52,17,'2012-07-13 06:58:32','2021-02-07 12:43:52'),(53,15,'2013-10-04 13:45:23','2021-02-07 12:43:52'),(53,73,'2014-10-09 18:16:53','2021-02-07 12:43:52'),(54,57,'2014-03-18 10:31:04','2021-02-07 12:43:52'),(54,73,'2015-05-28 06:03:52','2021-02-07 12:43:52'),(54,76,'2013-01-30 11:51:35','2021-02-07 12:43:52'),(54,86,'2013-02-13 09:14:52','2021-02-07 12:43:52'),(55,16,'2018-12-03 15:01:06','2021-02-07 12:43:52'),(56,60,'2016-07-29 11:47:02','2021-02-07 12:43:52'),(56,62,'2012-04-10 05:24:50','2021-02-07 12:43:52'),(58,68,'2018-10-02 03:15:44','2021-02-07 12:43:52'),(59,10,'2020-09-20 03:33:41','2021-02-07 12:43:52'),(59,23,'2018-11-24 06:52:51','2021-02-07 12:43:52'),(59,40,'2019-03-27 22:49:37','2021-02-07 12:43:52'),(60,51,'2014-05-22 07:27:10','2021-02-07 12:43:52'),(61,16,'2013-05-26 17:18:08','2021-02-07 12:43:52'),(61,17,'2016-10-17 00:58:14','2021-02-07 12:43:52'),(62,54,'2015-02-08 12:23:35','2021-02-07 12:43:52'),(63,30,'2012-09-08 17:37:25','2021-02-07 12:43:52'),(63,81,'2016-10-10 00:57:13','2021-02-07 12:43:52'),(64,17,'2020-06-20 14:26:58','2021-02-07 12:43:52'),(64,62,'2021-01-01 11:22:03','2021-02-07 12:43:52'),(66,83,'2014-12-15 10:52:24','2021-02-07 12:43:52'),(67,31,'2018-12-04 01:14:08','2021-02-07 12:43:52'),(69,89,'2012-05-16 09:14:51','2021-02-07 12:43:52'),(72,43,'2020-08-30 16:31:43','2021-02-07 12:43:52'),(74,15,'2019-08-18 09:12:30','2021-02-07 12:43:52'),(74,56,'2015-01-04 18:29:34','2021-02-07 12:43:52'),(75,45,'2018-12-24 10:55:31','2021-02-07 12:43:52'),(78,55,'2014-02-10 13:45:34','2021-02-07 12:43:52'),(79,1,'2016-12-08 18:37:39','2021-02-07 12:43:52'),(83,53,'2020-06-23 05:27:05','2021-02-07 12:43:52'),(88,78,'2015-06-17 13:16:02','2021-02-07 12:43:52'),(89,62,'2011-06-05 17:06:05','2021-02-07 12:43:52'),(91,41,'2018-09-18 20:06:33','2021-02-07 12:43:52'),(92,6,'2019-01-16 00:41:10','2021-02-07 12:43:52'),(92,28,'2020-05-07 20:39:41','2021-02-07 12:43:52'),(92,66,'2018-11-28 05:10:39','2021-02-07 12:43:52'),(93,35,'2014-08-09 22:40:48','2021-02-07 12:43:52'),(94,22,'2011-07-06 04:10:57','2021-02-07 12:43:52'),(94,64,'2018-04-25 18:35:25','2021-02-07 12:43:52'),(96,21,'2012-03-25 17:06:33','2021-02-07 12:43:52'),(97,11,'2018-08-08 22:47:18','2021-02-07 12:43:52'),(97,52,'2017-12-21 07:50:57','2021-02-07 12:43:52'),(98,25,'2012-03-17 22:37:14','2021-02-07 12:43:52'),(100,52,'2011-08-28 09:40:57','2021-02-07 12:43:52'),(100,71,'2015-11-08 18:49:00','2021-02-07 12:43:52');
/*!40000 ALTER TABLE `favorites_hotels` ENABLE KEYS */;
UNLOCK TABLES;

--
-- Table structure for table `feedback`
--

DROP TABLE IF EXISTS `feedback`;
/*!40101 SET @saved_cs_client     = @@character_set_client */;
/*!50503 SET character_set_client = utf8mb4 */;
CREATE TABLE `feedback` (
  `id` int unsigned NOT NULL AUTO_INCREMENT COMMENT 'Идентификатор строки',
  `user_id` int unsigned NOT NULL COMMENT 'Ссылка на пользователя',
  `hotel_id` int unsigned NOT NULL COMMENT 'Ссылка на отель',
  `body` text CHARACTER SET utf8mb4 COLLATE utf8mb4_unicode_ci NOT NULL COMMENT 'Текст отзыва',
  `created_at` datetime DEFAULT CURRENT_TIMESTAMP COMMENT 'Время создания строки',
  `updated_at` datetime DEFAULT CURRENT_TIMESTAMP ON UPDATE CURRENT_TIMESTAMP COMMENT 'Время обновления строки',
  PRIMARY KEY (`id`),
  KEY `feedback_user_id_fk` (`user_id`),
  KEY `feedback_hotel_id_fk` (`hotel_id`),
  CONSTRAINT `feedback_hotel_id_fk` FOREIGN KEY (`hotel_id`) REFERENCES `hotels` (`id`) ON DELETE CASCADE,
  CONSTRAINT `feedback_user_id_fk` FOREIGN KEY (`user_id`) REFERENCES `users` (`id`)
) ENGINE=InnoDB AUTO_INCREMENT=101 DEFAULT CHARSET=utf8mb4 COLLATE=utf8mb4_unicode_ci COMMENT='Таблица отзывов';
/*!40101 SET character_set_client = @saved_cs_client */;

--
-- Dumping data for table `feedback`
--

LOCK TABLES `feedback` WRITE;
/*!40000 ALTER TABLE `feedback` DISABLE KEYS */;
INSERT INTO `feedback` VALUES (1,78,42,'Perspiciatis similique quis esse exercitationem eum nesciunt. Sapiente et officia ut voluptas qui. Et itaque laboriosam voluptatem ipsa dolorem alias. Quidem sed hic omnis quod aut.','2020-06-23 17:18:00','2021-02-07 12:46:17'),(2,73,38,'Ea exercitationem placeat minima. Possimus debitis ab necessitatibus beatae iure ut molestiae. Sunt est dolorum sit vel explicabo in. Laborum occaecati modi sed est.','2012-12-30 13:29:23','2021-02-07 12:46:17'),(3,72,44,'Omnis consequatur est ullam non nam beatae eum repellat. Asperiores et dicta nihil modi est quia error. Nulla officiis sed et rem. Aut qui quis maiores error iure ex.','2017-10-10 12:52:32','2021-02-07 12:46:17'),(4,4,86,'Vero fugit deserunt distinctio laudantium. Eum exercitationem rerum odit quo architecto repellendus. Aut placeat dolor illum at earum numquam omnis.','2016-12-25 23:04:45','2021-02-07 12:46:17'),(5,18,30,'Nostrum deserunt eius quasi. Reiciendis minus tenetur aperiam deserunt et in. Ut id nam necessitatibus corporis ad aut.','2019-04-09 08:14:17','2021-02-07 12:46:17'),(6,98,97,'Quia quis ea in ipsa id. Eum qui porro perferendis aliquid sunt ullam minus. Fugit rerum impedit repellendus illo id maxime.','2018-12-28 04:17:05','2021-02-07 12:46:17'),(7,91,63,'Minima fuga sunt fugiat soluta rerum. Id provident dolorem praesentium ipsum alias tempora. In aut magni nihil recusandae ex cum sed.','2017-03-10 02:27:52','2021-02-07 12:46:17'),(8,42,20,'Ab ipsam tempora molestiae fuga alias et ipsum. Quia ratione voluptatem impedit. Aut quae ducimus enim recusandae rerum velit ea.','2017-04-29 01:53:52','2021-02-07 12:46:17'),(9,75,13,'Iusto ea sed vero sit enim aperiam animi. Unde ea quaerat repudiandae corporis. Ratione nihil magni ipsam autem ratione. In enim nostrum sint qui nisi.','2018-09-27 20:16:24','2021-02-07 12:46:17'),(10,39,55,'Nihil sed ut accusamus tenetur iure repudiandae atque voluptatum. Earum est reiciendis voluptas odit reiciendis nostrum. Et eligendi nostrum repellat earum omnis cum. Tenetur nihil voluptate rerum quis tenetur minus exercitationem.','2017-10-20 11:54:39','2021-02-07 12:46:17'),(11,59,28,'Vel sequi id error corporis rerum eos et. Minima facilis quia non expedita quis quo. Voluptate nihil iusto optio nostrum.','2013-10-11 04:20:57','2021-02-07 12:46:17'),(12,64,34,'Nostrum dolores non cum quaerat error. Voluptatem tempore a consequatur voluptas veniam natus dolor. Ipsa omnis quibusdam unde minus quia voluptatem rem.','2020-07-30 05:37:29','2021-02-07 12:46:17'),(13,76,79,'Vel voluptatem ut neque quas omnis delectus quia. Quidem omnis veritatis ad quidem. Natus reprehenderit consequuntur qui qui.','2020-05-30 16:03:31','2021-02-07 12:46:17'),(14,68,100,'Porro cum facilis assumenda molestiae et modi aut. Repellat fuga molestiae molestiae sequi ea soluta. Itaque pariatur tempora ratione sit.','2013-04-03 12:21:17','2021-02-07 12:46:17'),(15,96,80,'Modi aut nisi ea ipsum. Suscipit laboriosam et sint beatae quibusdam consequuntur cum eum. Autem vero officia fugit dolores repudiandae veniam nam. Blanditiis ea quo corrupti tempore nobis quia accusantium nihil.','2018-04-13 11:37:54','2021-02-07 12:46:17'),(16,10,9,'Officia quos voluptatem officia. Numquam quia quidem voluptas nobis ut. Praesentium atque suscipit minus quam hic voluptatem et. Ex tempora voluptas necessitatibus corrupti modi.','2016-08-16 06:38:34','2021-02-07 12:46:17'),(17,15,48,'Amet nihil eaque qui quia. Porro facilis saepe ad voluptate consequuntur. Accusantium enim excepturi qui vel totam illo. Voluptatem vero voluptates sint quia quibusdam est.','2017-03-04 11:44:25','2021-02-07 12:46:17'),(18,95,28,'Ut impedit veritatis eligendi dolorum. Consequatur fugiat tenetur excepturi velit suscipit voluptatibus voluptas eos. Facilis quia laboriosam quod blanditiis saepe enim.','2011-03-13 11:22:07','2021-02-07 12:46:17'),(19,56,97,'Quia veritatis voluptatibus velit veniam veniam. Laboriosam perspiciatis nihil dolore rem dolores. Doloribus ut adipisci quaerat sit cum. Perspiciatis voluptas eos in eveniet aut totam rem nam.','2019-04-07 05:25:23','2021-02-07 12:46:17'),(20,17,92,'Earum delectus id quod et. In facere occaecati culpa repudiandae. Quia quas incidunt fugiat eum.','2020-02-09 07:25:31','2021-02-07 12:46:17'),(21,10,74,'Autem nihil similique cum incidunt dolor molestiae. Harum doloremque necessitatibus dolores. Laboriosam voluptatum totam qui.','2019-07-17 22:33:56','2021-02-07 12:46:17'),(22,38,68,'Consequatur error est autem ipsam. Ipsa reiciendis ut debitis eaque architecto enim adipisci. Blanditiis et accusantium ipsam et iste tenetur consequatur. Ut itaque suscipit voluptatem est at velit.','2013-09-02 00:47:38','2021-02-07 12:46:17'),(23,27,30,'Nostrum numquam velit necessitatibus iusto est. Tempora perferendis iure eligendi mollitia.','2018-09-09 03:09:29','2021-02-07 12:46:17'),(24,66,42,'Quam doloremque quia architecto eum deleniti rerum delectus quia. Vitae deserunt ut aut neque molestiae error. Consequuntur voluptas ipsum fuga sequi unde.','2017-10-17 12:22:29','2021-02-07 12:46:17'),(25,9,21,'Dolor vero et magni iure. Aut enim eum quidem id sapiente quo sit.','2020-06-09 07:16:00','2021-02-07 12:46:17'),(26,76,18,'Voluptatibus rerum consequatur repudiandae in. Iusto porro pariatur velit consequatur repellat maxime. Incidunt et dolor nulla vel.','2012-09-13 06:37:19','2021-02-07 12:46:17'),(27,62,55,'Aut ipsam quo autem magnam. Labore voluptatem cum expedita autem corporis veniam aut. Id omnis eos et natus sit. Voluptatum omnis velit ratione natus.','2016-04-17 16:23:26','2021-02-07 12:46:17'),(28,87,72,'Dolores voluptatem odio velit unde autem. Neque quia quibusdam quibusdam sed dolorem. Architecto nam nihil nobis nemo necessitatibus eum.','2012-02-16 22:30:13','2021-02-07 12:46:17'),(29,98,72,'Omnis voluptas similique voluptatibus ullam eum veritatis sit ipsam. Nostrum nihil omnis aperiam repudiandae qui. Dolores voluptas amet sint nihil qui placeat quis.','2015-01-18 06:45:27','2021-02-07 12:46:17'),(30,67,18,'Sint ipsa sed ad mollitia et. Quos tempora molestiae placeat id. Qui corporis minima aut maxime.','2016-07-04 12:43:53','2021-02-07 12:46:17'),(31,88,84,'Sunt vel adipisci nihil sed tempora. Est a quo ipsa iste blanditiis. Voluptas animi excepturi repellendus alias animi cumque. Voluptatem est omnis illo vel quis itaque sint.','2020-06-28 23:48:01','2021-02-07 12:46:17'),(32,58,35,'Quisquam ullam temporibus corporis aut ullam. Nihil odit voluptates quia qui velit optio rerum. Nesciunt explicabo a veritatis aliquid.','2013-03-04 20:03:17','2021-02-07 12:46:17'),(33,100,94,'Ut ut expedita maxime eos id vero est. Quae veritatis doloremque aut sunt. Explicabo accusantium eos adipisci illo aperiam. Deserunt ea possimus dolores nihil expedita dicta eos.','2021-02-01 02:42:24','2021-02-07 12:46:17'),(34,69,65,'Qui voluptatem quaerat quisquam minus totam ut aut. Similique nulla et facere rerum nobis necessitatibus expedita. In delectus veniam ipsa placeat.','2013-04-01 17:41:28','2021-02-07 12:46:17'),(35,17,89,'Quod quia aut numquam. In pariatur suscipit hic illo totam voluptatem. Omnis placeat a eos voluptatum molestiae cupiditate sit.','2015-04-07 01:04:52','2021-02-07 12:46:17'),(36,95,7,'Sunt neque sequi sed enim veritatis. Eos sapiente animi ut eius ut. Quas delectus velit sit consequatur alias quisquam ut.','2018-07-05 19:40:50','2021-02-07 12:46:17'),(37,51,30,'Sit et in incidunt nesciunt dolore repudiandae. Sit omnis harum aspernatur explicabo. Aperiam commodi enim labore doloribus delectus. Amet cupiditate nemo laboriosam sed est similique.','2018-10-07 20:54:10','2021-02-07 12:46:17'),(38,99,3,'Cumque officia molestiae laborum tempora. Enim ipsa iure quasi laboriosam fugit sit et in.','2012-10-17 02:05:37','2021-02-07 12:46:17'),(39,18,79,'Magni numquam ab animi et. Hic voluptatum explicabo nostrum quas atque consequuntur eaque. Velit laudantium rerum aut est. Nihil quia iure officiis consequatur aut.','2015-11-21 06:53:49','2021-02-07 12:46:17'),(40,41,69,'Ut mollitia itaque nam maiores ipsa. Quia libero placeat iure aut odit. Totam delectus suscipit dignissimos dignissimos dolores.','2013-01-27 02:35:55','2021-02-07 12:46:17'),(41,21,98,'Labore quo adipisci est dolorum perferendis blanditiis. Quia nostrum sit quis doloribus velit sit.','2016-03-17 19:13:29','2021-02-07 12:46:17'),(42,28,44,'Ea quas et animi. Autem possimus debitis est ut dolores beatae ad. Aut fuga consequatur sapiente et officiis sed occaecati. Odit eum facere facere dolores. Unde illum sunt at aut ab temporibus dignissimos.','2017-12-14 16:39:54','2021-02-07 12:46:17'),(43,34,38,'Deserunt laboriosam porro ut voluptatem ea. Ipsum quibusdam consequatur explicabo tempora dolorem dignissimos. Minima minima esse ut tempora est iste libero.','2012-06-18 05:13:19','2021-02-07 12:46:17'),(44,86,19,'Autem deserunt dolores totam doloribus eos ea vel. Accusamus velit cupiditate quas minima dicta recusandae autem. Nihil est quia deleniti est ab.','2018-06-09 18:25:15','2021-02-07 12:46:17'),(45,33,11,'Et rerum sunt aspernatur eius. Voluptas et qui aut voluptates possimus ut ipsum.','2014-05-29 03:00:44','2021-02-07 12:46:17'),(46,52,30,'Assumenda qui sint doloremque repellat ut non. Eos impedit et quod voluptatem ut veniam. Omnis et alias ullam aperiam et sed.','2011-03-14 10:52:12','2021-02-07 12:46:17'),(47,90,61,'Et dolorum aut quia necessitatibus nesciunt. Sint consequatur sit perferendis esse harum enim perspiciatis.','2017-12-15 20:15:55','2021-02-07 12:46:17'),(48,32,80,'Aut quam eligendi harum ea laborum. Veniam vel quos minima est nihil. Unde aut corrupti placeat eaque sit nesciunt dolor. Omnis totam consequatur reiciendis qui voluptas.','2017-06-01 16:44:29','2021-02-07 12:46:17'),(49,100,62,'Quis maiores aut sit quo sunt voluptatibus sed. Ut minima eos dicta id voluptates aut sunt. Illum commodi dicta et distinctio vel. Nihil temporibus ex est voluptatem suscipit nemo id. Ut totam aut illo et ut non reiciendis.','2014-01-05 09:14:13','2021-02-07 12:46:17'),(50,9,59,'Iusto qui dolores repellat id vel. Quaerat ratione soluta repellat aut perferendis sunt necessitatibus. Consequuntur maxime et in eveniet harum deleniti.','2015-07-02 16:28:51','2021-02-07 12:46:17'),(51,67,56,'Quasi quia qui placeat eligendi quod quod. Est qui eaque omnis possimus provident aperiam ex ex. Quod molestiae voluptate sed qui quia est. Dolores inventore voluptate sit consequatur. Laborum vel unde minima expedita.','2013-12-01 00:51:04','2021-02-07 12:46:17'),(52,81,34,'Officia et molestiae libero impedit earum corporis dolor porro. Ratione repudiandae sit rerum quam aut commodi. Sint modi eaque ratione magni perspiciatis. At id autem consectetur.','2015-11-14 00:36:54','2021-02-07 12:46:17'),(53,27,31,'Culpa rerum ea libero asperiores beatae velit sint. Sit sed ex blanditiis placeat alias quos. Quae ut at laboriosam aliquam tempore facilis molestias.','2012-10-07 06:09:12','2021-02-07 12:46:17'),(54,75,83,'Voluptatum sint voluptatem quisquam sint praesentium non enim. Ducimus qui ut adipisci. Odit amet est exercitationem.','2013-12-23 18:07:32','2021-02-07 12:46:17'),(55,87,86,'Quo qui eaque perspiciatis quo ducimus ad ut est. Qui voluptatem soluta id ut. Incidunt debitis occaecati in nulla eaque dolorum. Minima dolorum aut eaque ratione.','2015-12-16 18:47:42','2021-02-07 12:46:17'),(56,69,87,'Praesentium magnam eum repellat modi similique adipisci assumenda. Labore voluptas repudiandae quae maiores aliquid. Magnam aut eos inventore in et dolorem.','2015-06-05 04:59:29','2021-02-07 12:46:17'),(57,26,69,'Ducimus quo reiciendis a voluptatibus. Et porro aspernatur enim. Illum sunt et ab aut vitae perferendis.','2015-07-20 15:17:50','2021-02-07 12:46:17'),(58,67,28,'Ut sed vero minima quae quia exercitationem et. Quis praesentium nisi occaecati quas temporibus est nemo. Velit quas quo dolores voluptatem aut praesentium sapiente.','2016-06-15 05:03:48','2021-02-07 12:46:17'),(59,37,1,'Modi saepe nulla rerum incidunt est dolor ut excepturi. Ut velit vel voluptatem quasi excepturi quisquam sint dolor. Possimus facere et facere occaecati sint. Voluptatum ad voluptatem natus porro. Nam rem non et quia.','2018-11-29 20:28:02','2021-02-07 12:46:17'),(60,94,67,'Reprehenderit deserunt est autem et eligendi nihil voluptatem. Quisquam et natus inventore.','2014-07-03 22:31:42','2021-02-07 12:46:17'),(61,53,64,'Magnam nam ratione fuga aliquid tempore cumque. Aliquid quas placeat modi qui nisi sequi. Impedit molestias repellat dicta rerum ut. Dolores molestiae quia est placeat odit tempora iste doloribus.','2018-04-26 04:54:46','2021-02-07 12:46:17'),(62,60,9,'Praesentium quia non autem quia. Necessitatibus laudantium tenetur ut nihil.','2015-09-01 07:28:14','2021-02-07 12:46:17'),(63,64,92,'Qui sit fuga laborum exercitationem dolor. Sapiente qui et repellat dolor dignissimos reiciendis corrupti. Molestiae amet velit nobis rerum.','2014-07-10 02:40:11','2021-02-07 12:46:17'),(64,70,70,'Voluptatem sunt consectetur eum autem nisi. Asperiores optio ad at magni. Veniam ullam occaecati cumque.','2012-07-28 10:22:07','2021-02-07 12:46:17'),(65,40,91,'Omnis et repudiandae molestiae est et pariatur esse. Velit odit sunt sit aspernatur maxime et et. Eos incidunt et deleniti et dolore accusantium quos. Quo non sed perferendis consequatur ullam.','2018-02-27 11:14:55','2021-02-07 12:46:17'),(66,35,3,'Hic fugiat odio ipsam voluptate quidem iste unde. Voluptas qui est tempore sed quas tempora. Magnam corporis vel non.','2012-10-29 12:45:35','2021-02-07 12:46:17'),(67,7,25,'Enim ea doloremque accusamus sed sequi veritatis modi. Ut praesentium et accusantium asperiores aut quis. Id aliquam numquam consequatur saepe qui sunt.','2020-04-12 22:33:27','2021-02-07 12:46:17'),(68,5,48,'Et dignissimos enim accusamus. Adipisci natus harum quia. Sed error exercitationem quaerat ea quas quibusdam. Mollitia aliquid sit voluptas ea magni dolore et.','2012-10-12 16:38:55','2021-02-07 12:46:17'),(69,23,73,'Minima deleniti in eaque maxime. Reprehenderit et vero et veritatis vel qui. Quas dolore aut laborum consequatur accusamus delectus commodi. Quaerat sit voluptate ad tenetur atque eos quia debitis. Et facilis quis quasi eos consequatur ut.','2015-06-10 16:16:47','2021-02-07 12:46:17'),(70,96,60,'Officia qui odio maiores ut. Delectus eum illo cumque rerum consectetur nesciunt. Occaecati minima sapiente tempora voluptate qui ea.','2018-08-31 15:15:39','2021-02-07 12:46:17'),(71,10,69,'Consequatur provident vero placeat eos debitis voluptas delectus facere. Expedita rerum sed id neque quo exercitationem atque. Dicta natus sed quisquam quia sunt sit.','2015-06-16 09:44:37','2021-02-07 12:46:17'),(72,14,63,'Fugiat dignissimos natus et quis laboriosam voluptas facilis. Deleniti similique aliquam maiores accusantium deleniti voluptatum. Minima tenetur sint delectus facere enim harum.','2014-09-01 00:26:54','2021-02-07 12:46:17'),(73,72,70,'Provident blanditiis alias est adipisci aperiam odio facere. Veniam tempore ut animi exercitationem eum. Aperiam sunt est illum nisi libero quam. Exercitationem ut a est et dolor magnam ex.','2012-02-20 20:30:57','2021-02-07 12:46:17'),(74,36,70,'Quis aliquid ipsam eos quos aliquam et voluptas. Aut inventore est nemo delectus iusto ipsum. Velit perferendis exercitationem enim velit.','2017-05-19 06:47:16','2021-02-07 12:46:17'),(75,40,88,'Et esse rerum numquam dignissimos. Totam harum et quae ducimus. Repellat eos quasi magnam sed nemo eos numquam.','2014-02-17 20:34:40','2021-02-07 12:46:17'),(76,21,42,'Et suscipit consectetur sit quo ipsa et. Illo rerum ullam tempore quia. Nam quo sed beatae facilis commodi sed ut molestiae.','2011-10-24 12:08:33','2021-02-07 12:46:17'),(77,47,6,'Aut ipsa facere totam corrupti nulla atque nesciunt. Et magni ipsum quidem nisi ipsa.','2017-05-03 04:49:29','2021-02-07 12:46:17'),(78,91,37,'Ut nostrum necessitatibus tenetur ratione nam. Numquam culpa unde asperiores beatae. Sed blanditiis officiis voluptatem recusandae natus alias. Placeat dolores voluptatibus odit.','2012-01-22 05:19:02','2021-02-07 12:46:17'),(79,10,41,'Molestiae recusandae voluptas atque illo ad. Sapiente nihil alias eius expedita. Veritatis illo doloremque necessitatibus ipsa dolores asperiores sed exercitationem. Provident deleniti harum suscipit labore in.','2018-09-25 07:29:12','2021-02-07 12:46:17'),(80,72,38,'Occaecati velit maxime ut necessitatibus veritatis quo. Quod dolores ut aliquid ea dolorem distinctio aspernatur. Accusamus eligendi qui libero officia ullam id et. Eum beatae et praesentium laudantium eaque quasi nihil.','2011-03-20 12:01:04','2021-02-07 12:46:17'),(81,73,52,'Qui et animi repellat reprehenderit commodi ipsam quia. Non deleniti dolore id. Rerum et praesentium quos molestias dolore voluptas sint.','2020-01-12 01:17:15','2021-02-07 12:46:17'),(82,40,42,'Ut consequatur possimus ut vero atque. Esse cupiditate rerum culpa optio fuga architecto eveniet.','2013-02-09 10:28:26','2021-02-07 12:46:17'),(83,91,28,'In provident minus ipsum provident. Voluptas et itaque ea fugiat praesentium aperiam rem et.','2012-08-04 17:54:23','2021-02-07 12:46:17'),(84,68,55,'Praesentium provident quasi modi accusamus neque itaque. Dolor velit nesciunt non id eaque blanditiis. Voluptate vel qui illo sequi cum et. Velit est molestias velit nihil.','2014-02-23 20:36:55','2021-02-07 12:46:17'),(85,71,89,'Est quidem delectus quia doloremque facere libero. Qui autem ad consequatur veritatis. Non optio sit voluptate dignissimos laborum ut ipsum.','2012-05-04 14:23:01','2021-02-07 12:46:17'),(86,32,94,'Magni quia ea velit iure. Sed consequuntur veniam quae dicta. Quasi aperiam est sit distinctio ullam. Consequatur recusandae mollitia laboriosam mollitia sit doloribus. Minima expedita laborum quis ex ut sint.','2015-08-30 01:53:08','2021-02-07 12:46:17'),(87,73,81,'Aut aut est eaque voluptates. Voluptas reiciendis laborum inventore tempore. Sint et dolor iste voluptas.','2015-08-07 23:39:30','2021-02-07 12:46:17'),(88,85,81,'Hic quidem iste quia non quis iusto illo voluptas. Necessitatibus voluptatem debitis ea exercitationem libero ullam sit. Culpa beatae accusamus atque dignissimos dolor quasi. Nulla quos facere distinctio perferendis aliquam voluptate mollitia.','2015-01-19 16:35:14','2021-02-07 12:46:17'),(89,50,8,'Et et ex fugiat dolores placeat ipsam. Corrupti enim accusantium repellendus. Quos corporis reprehenderit sint ducimus eligendi deleniti possimus.','2020-10-17 20:37:02','2021-02-07 12:46:17'),(90,89,21,'Quos dolore facilis id laborum a. Impedit asperiores quasi nulla placeat aut rem. Totam quo accusantium totam ipsam voluptas nisi iste ut.','2018-12-02 11:20:16','2021-02-07 12:46:17'),(91,35,15,'Sed id laboriosam nihil doloribus aut placeat dolorem. Ad vitae ad totam illum. Dignissimos ratione et eveniet asperiores perferendis et.','2012-09-26 18:48:49','2021-02-07 12:46:17'),(92,68,94,'Soluta voluptas facilis incidunt. Eum laborum consequatur amet ducimus commodi suscipit.','2020-08-12 11:06:52','2021-02-07 12:46:17'),(93,66,46,'Sed omnis quasi quis commodi. Rem id ipsum perferendis eius qui. Voluptatem veniam recusandae consectetur unde. Optio sed deserunt illum.','2011-11-03 07:13:59','2021-02-07 12:46:17'),(94,33,25,'Quia illum et molestiae. Beatae aut ea et. Quia dignissimos nihil temporibus et veniam.','2017-01-16 03:34:54','2021-02-07 12:46:17'),(95,28,63,'Eaque atque cum repudiandae mollitia. Vitae nesciunt in ab labore voluptas est quia. Eum vero sit est soluta. Quibusdam molestias occaecati delectus laudantium dolore.','2014-06-09 01:02:55','2021-02-07 12:46:17'),(96,32,71,'Ratione voluptas quia et eius facere dolor. Autem sed placeat mollitia occaecati aut sapiente. Nihil aut officia porro velit dolor quia doloribus. Nemo officiis et consequuntur incidunt.','2011-05-05 10:09:05','2021-02-07 12:46:17'),(97,59,79,'Voluptates consequatur maxime laborum numquam accusamus corrupti nulla tempora. Autem est veniam quos veritatis corporis quisquam dolores. Temporibus eos et molestias adipisci illo dolorem omnis eos. Molestias placeat laudantium adipisci hic vitae consequatur.','2014-05-26 10:38:35','2021-02-07 12:46:17'),(98,17,49,'Occaecati quia voluptas culpa similique earum voluptatem nulla. Et aut et architecto laborum. Beatae voluptatem dolor laudantium consequuntur quia qui.','2019-11-04 14:45:50','2021-02-07 12:46:17'),(99,94,23,'Dicta excepturi fugit suscipit aut. Et blanditiis nulla alias perspiciatis. Deleniti repellendus recusandae sunt reiciendis.','2016-09-21 06:15:48','2021-02-07 12:46:17'),(100,34,98,'Unde dolores laudantium cupiditate vero sequi delectus ut. Dolorum delectus voluptatem et nemo harum. Libero quidem distinctio ut deserunt autem. Eos ullam maiores non quas repellat.','2016-08-20 17:43:18','2021-02-07 12:46:17');
/*!40000 ALTER TABLE `feedback` ENABLE KEYS */;
UNLOCK TABLES;

--
-- Table structure for table `hotel_media`
--

DROP TABLE IF EXISTS `hotel_media`;
/*!40101 SET @saved_cs_client     = @@character_set_client */;
/*!50503 SET character_set_client = utf8mb4 */;
CREATE TABLE `hotel_media` (
  `id` int unsigned NOT NULL AUTO_INCREMENT COMMENT 'Идентификатор строки',
  `hotel_id` int unsigned NOT NULL COMMENT 'Ссылка на отель, который загрузил файл',
  `filename` varchar(255) CHARACTER SET utf8mb4 COLLATE utf8mb4_unicode_ci NOT NULL COMMENT 'Путь к файлу',
  `size` int NOT NULL COMMENT 'Размер файла',
  `media_type_id` int unsigned NOT NULL COMMENT 'Ссылка на тип контента',
  `created_at` datetime DEFAULT CURRENT_TIMESTAMP COMMENT 'Время создания строки',
  `updated_at` datetime DEFAULT CURRENT_TIMESTAMP ON UPDATE CURRENT_TIMESTAMP COMMENT 'Время обновления строки',
  PRIMARY KEY (`id`),
  KEY `hotel_media_hotel_id_fk` (`hotel_id`),
  KEY `hotel_media_media_type_id_fk` (`media_type_id`),
  KEY `hotel_media_filename_media_type_id_idx` (`filename`,`media_type_id`),
  CONSTRAINT `hotel_media_hotel_id_fk` FOREIGN KEY (`hotel_id`) REFERENCES `hotels` (`id`),
  CONSTRAINT `hotel_media_media_type_id_fk` FOREIGN KEY (`media_type_id`) REFERENCES `media_types` (`id`) ON DELETE CASCADE
) ENGINE=InnoDB AUTO_INCREMENT=101 DEFAULT CHARSET=utf8mb4 COLLATE=utf8mb4_unicode_ci COMMENT='Медиафайлы отелей';
/*!40101 SET character_set_client = @saved_cs_client */;

--
-- Dumping data for table `hotel_media`
--

LOCK TABLES `hotel_media` WRITE;
/*!40000 ALTER TABLE `hotel_media` DISABLE KEYS */;
INSERT INTO `hotel_media` VALUES (1,25,'http://dropbox.net/bhotels/necessitatibus.jpeg',35133846,1,'1922-05-07 11:33:46','2021-02-07 13:41:18'),(2,7,'http://dropbox.net/bhotels/sed.avi',45196033,2,'1929-08-09 11:40:09','2021-02-07 13:41:18'),(3,59,'http://dropbox.net/bhotels/quis.mpeg4',61143394,1,'2006-06-30 07:19:43','2021-02-07 13:41:18'),(4,73,'http://dropbox.net/bhotels/esse.png',305434,2,'1970-04-18 08:53:14','2021-02-07 13:41:18'),(5,87,'http://dropbox.net/bhotels/architecto.mpeg4',18086993,1,'1965-08-07 01:47:24','2021-02-07 13:41:18'),(6,17,'http://dropbox.net/bhotels/dolorum.mpeg4',89508666,2,'1975-10-24 15:08:16','2021-02-07 13:41:18'),(7,21,'http://dropbox.net/bhotels/qui.avi',93272355,1,'2007-04-23 15:56:58','2021-02-07 13:41:18'),(8,56,'http://dropbox.net/bhotels/qui.png',298719,2,'1950-08-03 22:09:49','2021-02-07 13:41:18'),(9,17,'http://dropbox.net/bhotels/quas.mpeg4',889812177,1,'1953-04-18 21:42:53','2021-02-07 13:41:18'),(10,17,'http://dropbox.net/bhotels/fuga.png',97825781,2,'1984-03-18 18:16:40','2021-02-07 13:41:18'),(11,32,'http://dropbox.net/bhotels/sit.avi',35506,1,'1925-05-01 01:05:23','2021-02-07 13:41:18'),(12,10,'http://dropbox.net/bhotels/non.avi',9301845,2,'1929-10-10 21:42:24','2021-02-07 13:41:18'),(13,52,'http://dropbox.net/bhotels/facilis.jpeg',53021884,1,'1971-04-28 14:00:31','2021-02-07 13:41:18'),(14,29,'http://dropbox.net/bhotels/possimus.mpeg4',37193888,2,'2016-02-04 15:57:06','2021-02-07 13:41:18'),(15,87,'http://dropbox.net/bhotels/nisi.avi',60457424,1,'1963-12-10 03:50:56','2021-02-07 13:41:18'),(16,51,'http://dropbox.net/bhotels/iusto.jpeg',27732,2,'1927-11-01 04:03:08','2021-02-07 13:41:18'),(17,92,'http://dropbox.net/bhotels/ipsum.png',8337665,1,'1932-05-19 14:16:33','2021-02-07 13:41:18'),(18,8,'http://dropbox.net/bhotels/non.jpeg',26893790,2,'2010-04-17 17:49:42','2021-02-07 13:41:18'),(19,61,'http://dropbox.net/bhotels/veritatis.png',7260978,1,'1962-10-19 15:49:40','2021-02-07 13:41:18'),(20,81,'http://dropbox.net/bhotels/est.jpeg',6985883,2,'1949-08-08 19:55:04','2021-02-07 13:41:18'),(21,21,'http://dropbox.net/bhotels/quis.png',33049,1,'1998-04-12 10:25:55','2021-02-07 13:41:18'),(22,62,'http://dropbox.net/bhotels/consequatur.avi',22877291,2,'1976-09-18 08:48:08','2021-02-07 13:41:18'),(23,47,'http://dropbox.net/bhotels/ex.png',33695088,1,'1982-02-24 17:48:23','2021-02-07 13:41:18'),(24,47,'http://dropbox.net/bhotels/vitae.png',99833572,2,'1967-06-25 14:12:15','2021-02-07 13:41:18'),(25,93,'http://dropbox.net/bhotels/ipsa.avi',98072601,1,'2011-07-16 05:32:20','2021-02-07 13:41:18'),(26,23,'http://dropbox.net/bhotels/error.avi',90852290,2,'1945-08-06 02:47:44','2021-02-07 13:41:18'),(27,35,'http://dropbox.net/bhotels/sed.jpeg',60033653,1,'1987-11-07 04:43:20','2021-02-07 13:41:18'),(28,7,'http://dropbox.net/bhotels/consequatur.jpeg',635044,2,'1943-01-30 22:12:30','2021-02-07 13:41:18'),(29,31,'http://dropbox.net/bhotels/est.png',27601395,1,'1988-06-11 17:24:44','2021-02-07 13:41:18'),(30,32,'http://dropbox.net/bhotels/aspernatur.mpeg4',970698336,2,'1938-08-30 20:02:28','2021-02-07 13:41:18'),(31,69,'http://dropbox.net/bhotels/eligendi.avi',57896022,1,'2009-01-15 10:20:47','2021-02-07 13:41:18'),(32,45,'http://dropbox.net/bhotels/alias.avi',6665930,2,'2017-12-16 02:01:09','2021-02-07 13:41:18'),(33,18,'http://dropbox.net/bhotels/aut.jpeg',59631586,1,'1990-08-14 16:44:09','2021-02-07 13:41:18'),(34,54,'http://dropbox.net/bhotels/cupiditate.jpeg',78150144,2,'1929-10-27 13:32:11','2021-02-07 13:41:18'),(35,15,'http://dropbox.net/bhotels/et.jpeg',75188,1,'1926-06-11 17:56:51','2021-02-07 13:41:18'),(36,13,'http://dropbox.net/bhotels/rerum.jpeg',716618,2,'1958-03-24 23:14:40','2021-02-07 13:41:18'),(37,19,'http://dropbox.net/bhotels/sed.avi',11845965,1,'1926-03-20 04:42:01','2021-02-07 13:41:18'),(38,54,'http://dropbox.net/bhotels/odio.png',25283,2,'1981-08-11 20:36:33','2021-02-07 13:41:18'),(39,14,'http://dropbox.net/bhotels/blanditiis.jpeg',20429,1,'1925-05-09 19:45:01','2021-02-07 13:41:18'),(40,8,'http://dropbox.net/bhotels/architecto.mpeg4',992300172,2,'2019-08-12 01:24:14','2021-02-07 13:41:18'),(41,98,'http://dropbox.net/bhotels/eos.jpeg',2307002,1,'1980-06-26 03:43:51','2021-02-07 13:41:18'),(42,64,'http://dropbox.net/bhotels/dolores.jpeg',149063918,2,'1964-02-17 02:08:56','2021-02-07 13:41:18'),(43,27,'http://dropbox.net/bhotels/quos.png',879084420,1,'1979-10-19 05:35:58','2021-02-07 13:41:18'),(44,42,'http://dropbox.net/bhotels/eius.png',24769395,2,'1979-06-13 02:36:05','2021-02-07 13:41:18'),(45,30,'http://dropbox.net/bhotels/autem.mpeg4',610671,1,'2006-02-25 10:02:40','2021-02-07 13:41:18'),(46,24,'http://dropbox.net/bhotels/sequi.mpeg4',838634,2,'1998-03-22 07:05:39','2021-02-07 13:41:18'),(47,26,'http://dropbox.net/bhotels/debitis.png',599286456,1,'1948-11-13 15:46:47','2021-02-07 13:41:18'),(48,61,'http://dropbox.net/bhotels/soluta.jpeg',88299085,2,'1995-08-21 05:08:15','2021-02-07 13:41:18'),(49,23,'http://dropbox.net/bhotels/dolorem.mpeg4',67177242,1,'1970-09-30 10:18:09','2021-02-07 13:41:18'),(50,33,'http://dropbox.net/bhotels/sed.avi',70978959,2,'1967-12-10 09:57:10','2021-02-07 13:41:18'),(51,98,'http://dropbox.net/bhotels/consequuntur.png',53353072,1,'2011-12-31 11:52:16','2021-02-07 13:41:18'),(52,87,'http://dropbox.net/bhotels/quis.png',53818487,2,'1943-04-07 12:25:30','2021-02-07 13:41:18'),(53,43,'http://dropbox.net/bhotels/dolor.mpeg4',914136,1,'1940-10-23 09:26:12','2021-02-07 13:41:18'),(54,51,'http://dropbox.net/bhotels/nulla.mpeg4',785153832,2,'1995-02-14 14:51:09','2021-02-07 13:41:18'),(55,26,'http://dropbox.net/bhotels/sapiente.mpeg4',9023224,1,'1959-04-15 05:25:50','2021-02-07 13:41:18'),(56,77,'http://dropbox.net/bhotels/ea.avi',89840059,2,'1928-09-28 08:23:42','2021-02-07 13:41:18'),(57,5,'http://dropbox.net/bhotels/atque.avi',711967,1,'2007-01-06 06:22:17','2021-02-07 13:41:18'),(58,92,'http://dropbox.net/bhotels/dolore.png',750856,2,'1984-10-20 13:19:48','2021-02-07 13:41:18'),(59,48,'http://dropbox.net/bhotels/est.jpeg',83650660,1,'2012-01-25 15:15:26','2021-02-07 13:41:18'),(60,62,'http://dropbox.net/bhotels/voluptates.jpeg',91173635,2,'1992-03-02 13:51:19','2021-02-07 13:41:18'),(61,65,'http://dropbox.net/bhotels/ea.jpeg',6838334,1,'2018-03-07 16:25:13','2021-02-07 13:41:18'),(62,39,'http://dropbox.net/bhotels/aut.jpeg',4906196,2,'1986-07-22 23:49:12','2021-02-07 13:41:18'),(63,97,'http://dropbox.net/bhotels/aut.avi',51000081,1,'1926-08-08 19:53:45','2021-02-07 13:41:18'),(64,71,'http://dropbox.net/bhotels/est.png',538629117,2,'2017-05-20 12:02:30','2021-02-07 13:41:18'),(65,62,'http://dropbox.net/bhotels/alias.jpeg',40271818,1,'2002-11-05 16:24:47','2021-02-07 13:41:18'),(66,95,'http://dropbox.net/bhotels/vero.avi',48348851,2,'1953-01-16 13:15:22','2021-02-07 13:41:18'),(67,89,'http://dropbox.net/bhotels/ipsa.mpeg4',339297,1,'1953-05-11 11:15:58','2021-02-07 13:41:18'),(68,61,'http://dropbox.net/bhotels/voluptatem.png',20918806,2,'1950-09-23 10:21:43','2021-02-07 13:41:18'),(69,37,'http://dropbox.net/bhotels/illum.png',669398542,1,'2020-01-08 14:16:59','2021-02-07 13:41:18'),(70,99,'http://dropbox.net/bhotels/quod.mpeg4',59537478,2,'1979-08-26 03:34:35','2021-02-07 13:41:18'),(71,87,'http://dropbox.net/bhotels/velit.jpeg',34920978,1,'1943-08-14 07:45:32','2021-02-07 13:41:18'),(72,37,'http://dropbox.net/bhotels/eveniet.jpeg',458407,2,'1988-12-18 06:24:44','2021-02-07 13:41:18'),(73,22,'http://dropbox.net/bhotels/expedita.png',660824,1,'2010-02-22 05:58:05','2021-02-07 13:41:18'),(74,100,'http://dropbox.net/bhotels/consequatur.avi',95982458,2,'1942-12-01 21:41:04','2021-02-07 13:41:18'),(75,34,'http://dropbox.net/bhotels/vitae.avi',75139358,1,'1944-06-23 15:22:45','2021-02-07 13:41:18'),(76,68,'http://dropbox.net/bhotels/optio.avi',56778173,2,'1977-03-17 20:20:45','2021-02-07 13:41:18'),(77,38,'http://dropbox.net/bhotels/doloribus.jpeg',23799165,1,'1951-10-06 09:50:02','2021-02-07 13:41:18'),(78,86,'http://dropbox.net/bhotels/adipisci.avi',332913,2,'1965-09-30 17:49:36','2021-02-07 13:41:18'),(79,15,'http://dropbox.net/bhotels/quis.avi',27014384,1,'2017-11-20 16:14:16','2021-02-07 13:41:18'),(80,15,'http://dropbox.net/bhotels/deserunt.jpeg',87739422,2,'1969-06-14 09:26:56','2021-02-07 13:41:18'),(81,29,'http://dropbox.net/bhotels/reprehenderit.mpeg4',13269041,1,'1937-07-23 12:59:06','2021-02-07 13:41:18'),(82,1,'http://dropbox.net/bhotels/eum.mpeg4',932196,2,'1939-05-03 14:59:47','2021-02-07 13:41:18'),(83,17,'http://dropbox.net/bhotels/atque.avi',3116940,1,'1971-06-27 03:42:52','2021-02-07 13:41:18'),(84,83,'http://dropbox.net/bhotels/vel.avi',75767581,2,'1968-05-20 16:09:04','2021-02-07 13:41:18'),(85,60,'http://dropbox.net/bhotels/fugiat.jpeg',69477089,1,'1987-11-26 08:31:58','2021-02-07 13:41:18'),(86,54,'http://dropbox.net/bhotels/nesciunt.jpeg',624554437,2,'1939-05-10 03:58:15','2021-02-07 13:41:18'),(87,90,'http://dropbox.net/bhotels/dignissimos.jpeg',20072707,1,'1994-06-28 03:39:06','2021-02-07 13:41:18'),(88,86,'http://dropbox.net/bhotels/ratione.avi',27569,2,'1950-03-05 12:50:43','2021-02-07 13:41:18'),(89,61,'http://dropbox.net/bhotels/perspiciatis.avi',91922270,1,'1944-08-27 03:27:05','2021-02-07 13:41:18'),(90,48,'http://dropbox.net/bhotels/nesciunt.mpeg4',47647640,2,'2011-10-21 15:59:53','2021-02-07 13:41:18'),(91,53,'http://dropbox.net/bhotels/nam.mpeg4',23011,1,'1977-10-29 04:34:54','2021-02-07 13:41:18'),(92,21,'http://dropbox.net/bhotels/rerum.png',78402,2,'1976-11-25 15:09:41','2021-02-07 13:41:18'),(93,44,'http://dropbox.net/bhotels/ad.png',692481,1,'1978-09-07 08:56:57','2021-02-07 13:41:18'),(94,58,'http://dropbox.net/bhotels/aspernatur.png',17435,2,'1935-03-14 21:59:01','2021-02-07 13:41:18'),(95,59,'http://dropbox.net/bhotels/iste.png',99383235,1,'1935-10-30 10:12:29','2021-02-07 13:41:18'),(96,20,'http://dropbox.net/bhotels/doloribus.avi',99251155,2,'1988-10-17 17:59:41','2021-02-07 13:41:18'),(97,23,'http://dropbox.net/bhotels/dolore.avi',78724621,1,'1991-04-08 06:07:38','2021-02-07 13:41:18'),(98,56,'http://dropbox.net/bhotels/eum.mpeg4',44395867,2,'1954-01-23 11:05:17','2021-02-07 13:41:18'),(99,8,'http://dropbox.net/bhotels/iste.png',21139365,1,'1976-05-16 23:32:14','2021-02-07 13:41:18'),(100,72,'http://dropbox.net/bhotels/dolor.mpeg4',423377548,2,'1947-12-31 14:46:36','2021-02-07 13:41:18');
/*!40000 ALTER TABLE `hotel_media` ENABLE KEYS */;
UNLOCK TABLES;

--
-- Table structure for table `hotels`
--

DROP TABLE IF EXISTS `hotels`;
/*!40101 SET @saved_cs_client     = @@character_set_client */;
/*!50503 SET character_set_client = utf8mb4 */;
CREATE TABLE `hotels` (
  `id` int unsigned NOT NULL AUTO_INCREMENT COMMENT 'Идентификатор строки',
  `name` varchar(100) CHARACTER SET utf8mb4 COLLATE utf8mb4_unicode_ci NOT NULL COMMENT 'Название отеля',
  `category_id` int unsigned NOT NULL COMMENT 'Категория отеля',
  `city` varchar(130) CHARACTER SET utf8mb4 COLLATE utf8mb4_unicode_ci DEFAULT NULL COMMENT 'Город',
  `country` varchar(130) CHARACTER SET utf8mb4 COLLATE utf8mb4_unicode_ci DEFAULT NULL COMMENT 'Страна',
  `adress` varchar(255) CHARACTER SET utf8mb4 COLLATE utf8mb4_unicode_ci NOT NULL COMMENT 'Адрес',
  `email` varchar(100) CHARACTER SET utf8mb4 COLLATE utf8mb4_unicode_ci NOT NULL COMMENT 'Почта',
  `phone` varchar(100) CHARACTER SET utf8mb4 COLLATE utf8mb4_unicode_ci NOT NULL COMMENT 'Телефон',
  `created_at` datetime DEFAULT CURRENT_TIMESTAMP COMMENT 'Время создания строки',
  `updated_at` datetime DEFAULT CURRENT_TIMESTAMP ON UPDATE CURRENT_TIMESTAMP COMMENT 'Время обновления строки',
  PRIMARY KEY (`id`),
  UNIQUE KEY `email` (`email`),
  UNIQUE KEY `phone` (`phone`),
  KEY `hotels_category_id_fk` (`category_id`),
  KEY `hotels_country_city_idx` (`country`,`city`),
  KEY `hotels_country_city_category_id_idx` (`country`,`city`,`category_id`),
  KEY `hotels_city_name_idx` (`city`,`name`),
  CONSTRAINT `hotels_category_id_fk` FOREIGN KEY (`category_id`) REFERENCES `hotels_categories` (`id`) ON DELETE CASCADE
) ENGINE=InnoDB AUTO_INCREMENT=101 DEFAULT CHARSET=utf8mb4 COLLATE=utf8mb4_unicode_ci COMMENT='Отели';
/*!40101 SET character_set_client = @saved_cs_client */;

--
-- Dumping data for table `hotels`
--

LOCK TABLES `hotels` WRITE;
/*!40000 ALTER TABLE `hotels` DISABLE KEYS */;
INSERT INTO `hotels` VALUES (1,'omnis',5,'East Steve','Netherlands','43935 Dayana Stravenue Suite 262','luna.beatty@nienow.com','04248804329','2015-02-26 07:14:55','2021-02-07 12:30:42'),(2,'minima',1,'Sarinaborough','Uzbekistan','112 Witting Stream','moore.norval@yahoo.com','075.261.4251','2012-04-03 16:55:13','2021-02-07 12:30:42'),(3,'ut',3,'Wildermanland','Austria','3808 Providenci Burgs Apt. 030','katharina27@hotmail.com','1-855-717-8747x044','2016-12-31 01:22:26','2021-02-07 12:30:42'),(4,'exercitationem',3,'Weldonburgh','Tajikistan','251 Ryann Wells','bebert@buckridge.com','(911)012-4701x05267','2016-01-08 21:16:10','2021-02-07 12:30:42'),(5,'minus',1,'West Domenica','Syrian Arab Republic','56605 Friedrich Keys Suite 727','olson.gene@yahoo.com','524.035.3029','2013-03-13 19:50:20','2021-02-07 12:30:42'),(6,'mollitia',3,'Salvadormouth','Afghanistan','1661 Ullrich Crescent','flatley.aleen@hotmail.com','1-511-133-4081x17012','2015-08-11 20:42:27','2021-02-07 12:30:42'),(7,'tenetur',3,'Lake Jamesonchester','Bahamas','00270 Gulgowski Prairie Apt. 164','west.junius@yahoo.com','628.341.4141','2015-09-14 14:52:07','2021-02-07 12:30:42'),(8,'dolorum',1,'North Devonchester','Papua New Guinea','758 Pablo Parkways Suite 078','eemmerich@yahoo.com','445.125.5735x209','2020-11-26 12:51:35','2021-02-07 12:30:42'),(9,'illum',2,'East Kimfort','Ghana','81794 Wiegand Field Suite 086','sydnee74@gusikowski.com','002.398.2261','2013-01-19 09:07:54','2021-02-07 12:30:42'),(10,'maiores',6,'Yostton','Holy See (Vatican City State)','942 Coy Hill Apt. 320','alessandro99@kris.info','(843)796-0793x0059','2013-07-29 17:20:20','2021-02-07 12:30:42'),(11,'nisi',4,'South Armand','Mauritius','765 Jean Causeway Suite 351','gdickinson@gmail.com','+17(3)2315427455','2018-12-05 09:35:46','2021-02-07 12:30:42'),(12,'necessitatibus',4,'Lake Tyler','Cocos (Keeling) Islands','083 Braxton Fall Apt. 772','mcclure.eric@hotmail.com','(429)202-3985x20776','2014-10-18 16:17:28','2021-02-07 12:30:42'),(13,'iure',5,'New Holdenside','Greenland','0841 Walter Junction Suite 180','kbeahan@hotmail.com','149-133-5977','2014-09-29 14:45:44','2021-02-07 12:30:42'),(14,'eius',6,'Powlowskishire','Kiribati','217 Mossie Heights Apt. 322','sgraham@hotmail.com','03986059088','2018-04-30 02:50:43','2021-02-07 12:30:42'),(15,'et',3,'Annettehaven','Fiji','42659 Daugherty Radial Apt. 986','slegros@brekkeberge.com','074.063.0287','2020-09-11 13:03:54','2021-02-07 12:30:42'),(16,'quisquam',4,'Ralphshire','Puerto Rico','034 Buckridge Forest','nbatz@yahoo.com','100.161.8807x56134','2019-10-22 08:02:23','2021-02-07 12:30:42'),(17,'eum',5,'North Emmaside','Pitcairn Islands','51906 Melyna Isle Suite 060','virgil09@thompson.net','(527)549-0252x5073','2020-07-21 20:04:46','2021-02-07 12:30:42'),(18,'sunt',6,'Port Amani','Spain','4593 Cartwright Center Suite 748','theodora.stracke@bahringermarquardt.com','388-372-5298x7569','2017-12-01 16:27:55','2021-02-07 12:30:42'),(19,'est',2,'South Edenmouth','Palestinian Territory','30075 Domenica Brooks Suite 476','romaguera.adell@kuhlmantrantow.com','1-894-587-5728x916','2020-12-26 04:03:03','2021-02-07 12:30:42'),(20,'aut',4,'Paulineville','Zambia','84692 Bogan Court Suite 893','leopoldo54@gmail.com','+74(4)4103106094','2019-11-20 01:02:40','2021-02-07 12:30:42'),(21,'cupiditate',2,'Lake Oletabury','Zimbabwe','63584 Nakia Drive','matilda.o\'conner@vonrueden.net','701.782.9385','2016-02-20 08:19:58','2021-02-07 12:30:42'),(22,'totam',2,'Saulville','Korea','4605 Lindgren Common','vesta.sipes@hotmail.com','640.048.6990x3441','2017-06-16 10:28:20','2021-02-07 12:30:42'),(23,'eaque',6,'New Maximus','French Polynesia','0610 Dibbert Lake','clemens47@gmail.com','(244)441-2856','2013-03-09 11:49:36','2021-02-07 12:30:42'),(24,'enim',3,'Cassandremouth','Bouvet Island (Bouvetoya)','084 Faye Views Apt. 784','yabshire@murazikkreiger.com','1-100-218-9118','2014-02-06 14:55:34','2021-02-07 12:30:42'),(25,'dolorum',5,'Julietland','Pakistan','164 Tre Radial','lorna58@yahoo.com','652.198.3151x3564','2020-02-06 00:51:10','2021-02-07 12:30:42'),(26,'quidem',3,'Faystad','Somalia','1853 Rosalind Mall Suite 975','qhuels@hotmail.com','1-441-684-6296x4979','2011-10-19 04:11:28','2021-02-07 12:30:42'),(27,'autem',3,'Goodwinmouth','Afghanistan','35400 Luettgen Light','lhyatt@gmail.com','05954548502','2012-12-28 14:13:23','2021-02-07 12:30:42'),(28,'nobis',1,'East Giashire','Aruba','9138 Josie Radial Suite 751','hoyt.schowalter@hotmail.com','(618)334-0528','2013-11-11 13:37:43','2021-02-07 12:30:42'),(29,'ducimus',6,'New Gusfort','Belize','226 Kozey Stream Apt. 297','rcollier@gmail.com','+36(6)3386855980','2017-11-15 00:36:40','2021-02-07 12:30:42'),(30,'labore',5,'Dickinsonside','Kiribati','1591 Marie Square','athena02@yahoo.com','560-950-7032x8475','2017-09-27 06:10:59','2021-02-07 12:30:42'),(31,'ut',6,'North Alexzander','Oman','8880 Vern Hollow Suite 700','hbarton@yahoo.com','(021)887-3983','2012-04-04 13:13:35','2021-02-07 12:30:42'),(32,'quibusdam',1,'D\'Amorehaven','Malaysia','868 Hahn Drives','marvin93@yahoo.com','1-122-039-5548x927','2020-04-27 10:03:32','2021-02-07 12:30:42'),(33,'accusamus',5,'South Sierraside','Poland','406 Darryl Isle','jerde.halle@damore.com','+66(6)1463502777','2019-04-01 09:56:40','2021-02-07 12:30:42'),(34,'ad',2,'North Nigelburgh','Bangladesh','1463 Frami Ferry Apt. 887','glemke@mills.org','(787)965-7287x089','2015-09-14 15:47:34','2021-02-07 12:30:42'),(35,'ad',3,'Annabelview','Saint Kitts and Nevis','666 Brakus Stream Apt. 973','zskiles@marvin.org','568.863.8194x2195','2014-09-17 05:09:44','2021-02-07 12:30:42'),(36,'magni',1,'Rennerburgh','Yemen','157 Baumbach Course','uflatley@hotmail.com','1-148-139-5694x2335','2016-04-02 14:50:45','2021-02-07 12:30:42'),(37,'similique',6,'Wittingborough','Lebanon','2806 Lauren Cape Suite 440','mikel.wolff@gmail.com','381.426.8104','2019-08-11 22:47:10','2021-02-07 12:30:42'),(38,'consequatur',4,'South Gunner','Somalia','84311 Tyrique Extensions','wprice@gmail.com','1-148-208-3096x68686','2015-11-11 17:17:29','2021-02-07 12:30:42'),(39,'aliquid',1,'Katherineview','Kiribati','68589 Demarco View','hintz.janick@yahoo.com','382.193.3734x227','2017-01-23 05:14:05','2021-02-07 12:30:42'),(40,'distinctio',4,'Jackelineborough','Jersey','1619 Aric Junction Suite 600','rmacejkovic@hotmail.com','(660)668-1903x710','2013-07-11 01:08:38','2021-02-07 12:30:42'),(41,'doloremque',6,'East Gail','Brazil','336 Zelma Pine','turner.baylee@kuphallemke.com','+69(0)3482122413','2016-11-07 09:02:52','2021-02-07 12:30:42'),(42,'iste',1,'New Tara','Monaco','6211 Gibson Prairie Apt. 017','heller.friedrich@gmail.com','(385)842-3462x305','2018-12-09 11:57:36','2021-02-07 12:30:42'),(43,'veritatis',1,'Wunschton','Bosnia and Herzegovina','8095 Omer Track Apt. 968','alfredo.hansen@flatley.net','+98(0)8453332942','2021-01-12 12:50:28','2021-02-07 12:30:42'),(44,'sit',3,'Kieranborough','Serbia','698 Reinger Lock','foster.feest@gusikowskihartmann.com','966-893-5993x4027','2020-11-14 14:32:05','2021-02-07 12:30:42'),(45,'laboriosam',4,'South Athenafort','Gabon','109 Bergnaum Corner','baron.schulist@yahoo.com','(195)828-3579x0269','2020-12-15 19:02:51','2021-02-07 12:30:42'),(46,'officiis',6,'Rosaliaton','France','746 Itzel Mills','lueilwitz.george@moore.net','(575)242-4307','2011-10-10 19:35:25','2021-02-07 12:30:42'),(47,'delectus',1,'Russelchester','Niue','861 Kaylie Skyway Apt. 164','aubree16@yahoo.com','02911780816','2020-03-02 10:07:03','2021-02-07 12:30:42'),(48,'repudiandae',2,'East Sibyl','Tuvalu','59259 Darian Avenue','brendan76@hahn.com','(426)883-8172x9802','2017-07-08 04:24:00','2021-02-07 12:30:42'),(49,'aut',6,'North Luisaton','Morocco','1529 Torphy Mountain Suite 824','anderson.nicolette@hotmail.com','525-069-5568x97864','2016-08-21 04:12:27','2021-02-07 12:30:42'),(50,'officia',1,'Champlinside','Switzerland','4832 Alexandrine Key','randi49@gmail.com','1-458-507-7321','2019-08-06 03:01:13','2021-02-07 12:30:42'),(51,'consequatur',3,'Minervashire','Bermuda','50775 Lourdes Junctions Suite 264','malachi.runte@koelpinleuschke.org','135.572.7560x25377','2011-04-05 03:44:49','2021-02-07 12:30:42'),(52,'eaque',1,'West Brendon','Grenada','6472 Ferry Views Apt. 674','isac87@hotmail.com','799.723.9429x817','2013-05-01 07:27:42','2021-02-07 12:30:42'),(53,'aut',6,'West Chase','Holy See (Vatican City State)','71037 Shanon Pines','ubogan@yahoo.com','1-773-377-0685x27255','2014-07-10 12:43:52','2021-02-07 12:30:42'),(54,'fugiat',4,'South Gideon','Armenia','39426 Kozey Harbor Apt. 954','graciela.steuber@hotmail.com','1-897-363-5658','2015-11-05 21:05:01','2021-02-07 12:30:42'),(55,'mollitia',3,'Jadastad','France','9999 Larson Branch Apt. 338','qhodkiewicz@sauerkovacek.com','1-421-242-2535x457','2011-07-15 09:18:04','2021-02-07 12:30:42'),(56,'fugit',1,'Port Darrylchester','Uruguay','89044 Adolfo Rue Apt. 988','harris.elouise@bartell.com','523-131-8796','2019-05-06 18:29:04','2021-02-07 12:30:42'),(57,'blanditiis',2,'Hermistonbury','Ghana','5373 Rogahn Underpass Apt. 237','collier.leslie@hotmail.com','1-592-139-5944','2011-07-31 00:15:12','2021-02-07 12:30:42'),(58,'hic',5,'Floburgh','Nicaragua','82570 Daniel Square','carleton.wilkinson@gmail.com','385-515-1445x40947','2017-03-09 19:32:34','2021-02-07 12:30:42'),(59,'consequuntur',3,'West Emely','Aruba','443 Mraz Village Apt. 072','asimonis@yahoo.com','00074652961','2014-02-21 20:49:17','2021-02-07 12:30:42'),(60,'excepturi',5,'Lestermouth','Monaco','45236 Block Squares','assunta.o\'connell@yahoo.com','(549)370-7816','2017-07-13 21:53:34','2021-02-07 12:30:42'),(61,'autem',4,'Maggiobury','Sri Lanka','8889 General Row Suite 391','brendon07@dicki.com','329.369.3983x747','2011-04-02 10:45:47','2021-02-07 12:30:42'),(62,'vel',6,'Port Pasqualehaven','Aruba','44298 Jones Divide Suite 442','layla.lubowitz@waelchi.com','1-688-866-4451x63158','2013-04-07 23:54:03','2021-02-07 12:30:42'),(63,'eum',4,'Clovisport','Haiti','726 Bednar Forest','alison54@hotmail.com','+47(1)8973068194','2012-06-09 00:43:39','2021-02-07 12:30:42'),(64,'sit',6,'Halliefurt','Mexico','4483 Vandervort Alley Suite 603','halie03@ankunding.biz','533-698-1992x0643','2016-03-04 19:18:59','2021-02-07 12:30:42'),(65,'inventore',2,'Lehnermouth','China','0877 Olaf Summit Suite 881','uhoeger@gerlach.info','1-609-132-9602','2014-07-03 03:37:12','2021-02-07 12:30:42'),(66,'dolore',2,'Abbottside','Singapore','02923 Haley Viaduct Suite 018','cassandra01@rowe.biz','428.911.0551x1837','2011-10-21 21:39:40','2021-02-07 12:30:42'),(67,'voluptates',3,'North Loraineville','Brunei Darussalam','646 Ward Highway Suite 530','ybecker@gmail.com','1-942-705-3717x794','2017-12-26 21:36:31','2021-02-07 12:30:42'),(68,'sed',3,'North Muriel','Faroe Islands','1886 Lakin Junctions Suite 413','mbalistreri@gmail.com','501.507.0896x0130','2014-03-04 23:46:59','2021-02-07 12:30:42'),(69,'perferendis',4,'South Susanview','Jersey','1453 Koelpin Walks Suite 292','bailey49@yahoo.com','171-633-1445','2016-09-18 03:23:08','2021-02-07 12:30:42'),(70,'assumenda',4,'Weberview','Greece','4468 Casey Rapids','morar.finn@oconnell.com','(664)790-7295','2016-10-24 23:21:29','2021-02-07 12:30:42'),(71,'sed',3,'South Ephraim','Central African Republic','492 Kub Hill','xo\'kon@gmail.com','889.318.4166','2020-10-31 14:14:12','2021-02-07 12:30:42'),(72,'eos',4,'North Beverly','Marshall Islands','053 Parisian Isle Suite 643','jaiden45@hotmail.com','(674)109-5184','2015-08-01 02:33:54','2021-02-07 12:30:42'),(73,'explicabo',3,'North Branson','Mozambique','81624 Kassulke Streets Suite 269','callie.bruen@yahoo.com','(696)340-2623x234','2013-06-11 01:56:24','2021-02-07 12:30:42'),(74,'nostrum',4,'North Jackfurt','Germany','097 Beau Corner Suite 802','cwilderman@russel.com','1-963-987-4953x7038','2013-06-05 23:12:31','2021-02-07 12:30:42'),(75,'voluptatem',3,'Krisbury','Turkmenistan','7431 Mariela Drive Suite 324','bweber@howereynolds.com','1-261-072-0909','2020-03-29 18:29:02','2021-02-07 12:30:42'),(76,'est',3,'Lake Daniela','Djibouti','563 Tyshawn Trafficway Apt. 708','ycartwright@schimmel.net','(837)641-2578x431','2012-07-06 02:20:30','2021-02-07 12:30:42'),(77,'unde',5,'East Elinorville','New Caledonia','47713 Stanton Mountain','christophe.zemlak@little.com','447-845-5247','2019-02-23 19:23:28','2021-02-07 12:30:42'),(78,'harum',2,'Hudsonchester','Guam','252 Giuseppe Pine','demarcus32@gmail.com','05515977415','2017-06-20 13:45:57','2021-02-07 12:30:42'),(79,'in',1,'Inesberg','Tuvalu','770 Luigi Manor Apt. 065','briana43@balistreri.com','(199)518-0974x2782','2015-04-18 05:30:36','2021-02-07 12:30:42'),(80,'voluptate',4,'Xanderfurt','Guadeloupe','2457 Vicenta Views','graynor@yahoo.com','(960)511-5483x316','2014-06-18 22:53:44','2021-02-07 12:30:42'),(81,'repellat',5,'West Dorthaland','Colombia','768 Alyce Square','glenna.herzog@mertz.org','(178)806-0104','2016-05-12 13:03:14','2021-02-07 12:30:42'),(82,'minima',6,'South Hailie','Thailand','3578 Roscoe Dam Suite 371','heidenreich.brant@gmail.com','765-033-5873x6665','2011-02-21 12:09:09','2021-02-07 12:30:42'),(83,'magni',4,'Skilestown','Namibia','3940 Amelia Light Apt. 038','keshawn.pouros@hotmail.com','262.383.1261x411','2019-12-02 06:38:31','2021-02-07 12:30:42'),(84,'ea',5,'Wolffmouth','Brunei Darussalam','509 McClure Rapid','torp.karli@yahoo.com','1-094-350-6446x4107','2016-08-16 01:18:16','2021-02-07 12:30:42'),(85,'quibusdam',3,'Kundefurt','Israel','4698 Garry Ports','icollins@yahoo.com','311-323-3841','2016-09-25 06:09:19','2021-02-07 12:30:42'),(86,'suscipit',6,'Littelport','Congo','659 Deshaun Ports','vkub@lindgren.com','1-122-625-6317','2021-01-01 16:24:06','2021-02-07 12:30:42'),(87,'eveniet',2,'Harveyberg','Iraq','7411 Cecilia Club','weissnat.cole@lehnersenger.info','320-420-7501','2012-02-11 21:11:26','2021-02-07 12:30:42'),(88,'nobis',3,'Steuberfort','Yemen','99228 Harris River','rickie58@gmail.com','1-318-911-4084x8211','2019-07-05 20:47:56','2021-02-07 12:30:42'),(89,'molestias',1,'Janshire','Russian Federation','0561 Anahi Haven','schroeder.hudson@morar.com','05893113767','2016-01-26 12:57:17','2021-02-07 12:30:42'),(90,'consequatur',2,'East Jewell','India','3819 Tabitha Mills','morris.prohaska@yahoo.com','02051013249','2012-06-03 13:44:18','2021-02-07 12:30:42'),(91,'quam',5,'New Ewell','Niger','450 Cole Pine','nnitzsche@hotmail.com','1-296-832-6548','2020-03-25 22:40:10','2021-02-07 12:30:42'),(92,'quisquam',1,'Jakubowskishire','Kuwait','31137 Kling Overpass Suite 331','dhayes@swaniawski.com','399.316.0217x882','2016-07-27 07:18:41','2021-02-07 12:30:42'),(93,'fugiat',4,'Port Patsy','Nicaragua','15291 Dicki Hollow Apt. 206','tavares.maggio@gmail.com','(178)229-9703','2016-10-31 01:45:40','2021-02-07 12:30:42'),(94,'corporis',2,'Torpport','Oman','8332 Turcotte Way Suite 586','gorczany.nigel@cronin.net','855-560-0664x5861','2018-07-20 16:21:17','2021-02-07 12:30:42'),(95,'iste',6,'South Maximilian','Pakistan','0827 Schumm Turnpike','justine38@yahoo.com','685.302.8266x18467','2018-02-21 05:24:13','2021-02-07 12:30:42'),(96,'exercitationem',3,'Daxside','Marshall Islands','562 Dicki Terrace','jaunita.dubuque@pollich.biz','(039)517-7106','2017-03-30 07:02:51','2021-02-07 12:30:42'),(97,'provident',1,'Alvaport','Fiji','9015 Whitney Estates Suite 133','lmertz@yahoo.com','280-010-3993','2011-12-28 19:50:53','2021-02-07 12:30:42'),(98,'itaque',5,'Vladimirton','Cocos (Keeling) Islands','572 Drew Stravenue Suite 475','mhodkiewicz@yahoo.com','784.504.9329','2017-09-24 14:35:05','2021-02-07 12:30:42'),(99,'architecto',2,'Oralbury','Senegal','5086 Legros Vista','price.ruth@bodewaters.com','(076)013-8445x11574','2020-12-02 03:40:02','2021-02-07 12:30:42'),(100,'minima',2,'Dejahberg','Brunei Darussalam','380 Edison Mill','major.dibbert@hotmail.com','08425558070','2013-03-12 01:08:08','2021-02-07 12:30:42');
/*!40000 ALTER TABLE `hotels` ENABLE KEYS */;
UNLOCK TABLES;

--
-- Table structure for table `hotels_categories`
--

DROP TABLE IF EXISTS `hotels_categories`;
/*!40101 SET @saved_cs_client     = @@character_set_client */;
/*!50503 SET character_set_client = utf8mb4 */;
CREATE TABLE `hotels_categories` (
  `id` int unsigned NOT NULL AUTO_INCREMENT COMMENT 'Идентификатор строки',
  `category` varchar(100) CHARACTER SET utf8mb4 COLLATE utf8mb4_unicode_ci NOT NULL COMMENT 'Категория',
  `created_at` datetime DEFAULT CURRENT_TIMESTAMP COMMENT 'Время создания строки',
  `updated_at` datetime DEFAULT CURRENT_TIMESTAMP ON UPDATE CURRENT_TIMESTAMP COMMENT 'Время обновления строки',
  PRIMARY KEY (`id`),
  UNIQUE KEY `category` (`category`)
) ENGINE=InnoDB AUTO_INCREMENT=7 DEFAULT CHARSET=utf8mb4 COLLATE=utf8mb4_unicode_ci COMMENT='Категории отелей';
/*!40101 SET character_set_client = @saved_cs_client */;

--
-- Dumping data for table `hotels_categories`
--

LOCK TABLES `hotels_categories` WRITE;
/*!40000 ALTER TABLE `hotels_categories` DISABLE KEYS */;
INSERT INTO `hotels_categories` VALUES (1,'1','1996-07-29 08:59:54','2019-10-04 21:07:17'),(2,'2','2011-07-16 18:51:43','2019-09-17 23:57:08'),(3,'3','1999-03-19 22:34:08','2015-12-15 08:57:39'),(4,'4','2014-10-29 17:16:30','2021-02-07 12:18:58'),(5,'5','1978-09-06 22:08:38','2018-01-13 07:01:09'),(6,'Аппартаменты','2014-10-29 17:16:30','2021-02-07 12:18:58');
/*!40000 ALTER TABLE `hotels_categories` ENABLE KEYS */;
UNLOCK TABLES;

--
-- Table structure for table `media_types`
--

DROP TABLE IF EXISTS `media_types`;
/*!40101 SET @saved_cs_client     = @@character_set_client */;
/*!50503 SET character_set_client = utf8mb4 */;
CREATE TABLE `media_types` (
  `id` int unsigned NOT NULL AUTO_INCREMENT COMMENT 'Идентификатор строки',
  `name` varchar(100) NOT NULL COMMENT 'Название типа',
  `created_at` datetime DEFAULT CURRENT_TIMESTAMP COMMENT 'Время создания строки',
  `updated_at` datetime DEFAULT CURRENT_TIMESTAMP ON UPDATE CURRENT_TIMESTAMP COMMENT 'Время обновления строки',
  PRIMARY KEY (`id`),
  UNIQUE KEY `name` (`name`)
) ENGINE=InnoDB AUTO_INCREMENT=3 DEFAULT CHARSET=utf8mb4 COLLATE=utf8mb4_0900_ai_ci COMMENT='Типы медиафайлов';
/*!40101 SET character_set_client = @saved_cs_client */;

--
-- Dumping data for table `media_types`
--

LOCK TABLES `media_types` WRITE;
/*!40000 ALTER TABLE `media_types` DISABLE KEYS */;
INSERT INTO `media_types` VALUES (1,'фото','2013-10-01 01:57:46','2017-10-03 03:25:25'),(2,'видео','2015-01-03 06:38:35','2017-11-14 00:11:59');
/*!40000 ALTER TABLE `media_types` ENABLE KEYS */;
UNLOCK TABLES;

--
-- Table structure for table `user_media`
--

DROP TABLE IF EXISTS `user_media`;
/*!40101 SET @saved_cs_client     = @@character_set_client */;
/*!50503 SET character_set_client = utf8mb4 */;
CREATE TABLE `user_media` (
  `id` int unsigned NOT NULL AUTO_INCREMENT COMMENT 'Идентификатор строки',
  `feedback_id` int unsigned NOT NULL COMMENT 'Ссылка на отзыв',
  `filename` varchar(255) CHARACTER SET utf8mb4 COLLATE utf8mb4_unicode_ci NOT NULL COMMENT 'Путь к файлу',
  `size` int NOT NULL COMMENT 'Размер файла',
  `media_type_id` int unsigned NOT NULL COMMENT 'Ссылка на тип контента',
  `created_at` datetime DEFAULT CURRENT_TIMESTAMP COMMENT 'Время создания строки',
  `updated_at` datetime DEFAULT CURRENT_TIMESTAMP ON UPDATE CURRENT_TIMESTAMP COMMENT 'Время обновления строки',
  PRIMARY KEY (`id`),
  KEY `user_media_feedback_id_fk` (`feedback_id`),
  KEY `user_media_media_type_id_fk` (`media_type_id`),
  CONSTRAINT `user_media_feedback_id_fk` FOREIGN KEY (`feedback_id`) REFERENCES `feedback` (`id`),
  CONSTRAINT `user_media_media_type_id_fk` FOREIGN KEY (`media_type_id`) REFERENCES `media_types` (`id`) ON DELETE CASCADE
) ENGINE=InnoDB AUTO_INCREMENT=101 DEFAULT CHARSET=utf8mb4 COLLATE=utf8mb4_unicode_ci COMMENT='Медиафайлы пользователей';
/*!40101 SET character_set_client = @saved_cs_client */;

--
-- Dumping data for table `user_media`
--

LOCK TABLES `user_media` WRITE;
/*!40000 ALTER TABLE `user_media` DISABLE KEYS */;
INSERT INTO `user_media` VALUES (1,45,'http://dropbox.net/bhotels/provident.mpeg4',19927890,1,'1933-07-03 14:05:43','2021-02-07 13:43:13'),(2,35,'http://dropbox.net/bhotels/ut.png',945017197,2,'1950-03-27 00:24:05','2021-02-07 13:43:13'),(3,38,'http://dropbox.net/bhotels/voluptatum.jpeg',3745730,1,'1971-05-02 07:15:45','2021-02-07 13:43:13'),(4,87,'http://dropbox.net/bhotels/eius.mpeg4',51447435,2,'1933-10-05 15:00:21','2021-02-07 13:43:13'),(5,19,'http://dropbox.net/bhotels/voluptatem.avi',97443505,1,'2018-01-30 09:56:51','2021-02-07 13:43:13'),(6,36,'http://dropbox.net/bhotels/incidunt.mpeg4',32865227,2,'1972-02-15 02:40:27','2021-02-07 13:43:13'),(7,20,'http://dropbox.net/bhotels/voluptatem.png',4619919,1,'1945-05-10 13:38:27','2021-02-07 13:43:13'),(8,91,'http://dropbox.net/bhotels/ducimus.jpeg',71985623,2,'2002-11-07 12:39:51','2021-02-07 13:43:13'),(9,94,'http://dropbox.net/bhotels/et.jpeg',61322436,1,'1928-12-27 10:10:26','2021-02-07 13:43:13'),(10,95,'http://dropbox.net/bhotels/accusantium.mpeg4',90645317,2,'1947-03-15 13:38:45','2021-02-07 13:43:13'),(11,96,'http://dropbox.net/bhotels/fugiat.jpeg',69249278,1,'1968-05-11 07:26:25','2021-02-07 13:43:13'),(12,92,'http://dropbox.net/bhotels/corrupti.avi',74300445,2,'1923-01-24 07:48:38','2021-02-07 13:43:13'),(13,72,'http://dropbox.net/bhotels/numquam.mpeg4',63744396,1,'1999-04-19 19:26:43','2021-02-07 13:43:13'),(14,84,'http://dropbox.net/bhotels/cumque.mpeg4',95810645,2,'1986-12-18 00:37:35','2021-02-07 13:43:13'),(15,4,'http://dropbox.net/bhotels/dolores.mpeg4',87810043,1,'1983-11-30 15:52:17','2021-02-07 13:43:13'),(16,66,'http://dropbox.net/bhotels/non.mpeg4',7558234,2,'1968-03-07 14:33:39','2021-02-07 13:43:13'),(17,20,'http://dropbox.net/bhotels/ut.jpeg',51608284,1,'1974-10-07 12:04:31','2021-02-07 13:43:13'),(18,98,'http://dropbox.net/bhotels/incidunt.png',6402875,2,'1930-10-02 22:39:52','2021-02-07 13:43:13'),(19,32,'http://dropbox.net/bhotels/quasi.mpeg4',94601294,1,'1961-08-24 02:10:58','2021-02-07 13:43:13'),(20,67,'http://dropbox.net/bhotels/sunt.avi',398088,2,'1986-05-16 02:58:10','2021-02-07 13:43:13'),(21,35,'http://dropbox.net/bhotels/temporibus.png',18171623,1,'2005-02-15 17:26:33','2021-02-07 13:43:13'),(22,76,'http://dropbox.net/bhotels/sint.jpeg',7044234,2,'1953-01-21 10:18:43','2021-02-07 13:43:13'),(23,72,'http://dropbox.net/bhotels/tempore.avi',25611032,1,'2012-01-18 10:23:26','2021-02-07 13:43:13'),(24,32,'http://dropbox.net/bhotels/incidunt.png',80696304,2,'2007-08-09 00:51:15','2021-02-07 13:43:13'),(25,45,'http://dropbox.net/bhotels/suscipit.png',82338825,1,'1988-03-16 15:27:08','2021-02-07 13:43:13'),(26,26,'http://dropbox.net/bhotels/velit.png',69595214,2,'1989-04-15 22:54:25','2021-02-07 13:43:13'),(27,95,'http://dropbox.net/bhotels/reiciendis.avi',490639,1,'1926-08-06 01:03:36','2021-02-07 13:43:13'),(28,96,'http://dropbox.net/bhotels/cumque.jpeg',949599,2,'1998-01-08 11:53:53','2021-02-07 13:43:13'),(29,93,'http://dropbox.net/bhotels/libero.mpeg4',66220941,1,'1982-12-27 05:05:09','2021-02-07 13:43:13'),(30,79,'http://dropbox.net/bhotels/id.mpeg4',95952355,2,'1961-09-23 05:52:26','2021-02-07 13:43:13'),(31,15,'http://dropbox.net/bhotels/maxime.avi',76902982,1,'1974-12-19 09:58:41','2021-02-07 13:43:13'),(32,38,'http://dropbox.net/bhotels/voluptatem.avi',1857784,2,'1938-10-27 10:03:05','2021-02-07 13:43:13'),(33,43,'http://dropbox.net/bhotels/voluptatem.jpeg',96647849,1,'1994-08-05 14:10:34','2021-02-07 13:43:13'),(34,1,'http://dropbox.net/bhotels/dolorem.jpeg',52520303,2,'1927-05-07 05:27:04','2021-02-07 13:43:13'),(35,74,'http://dropbox.net/bhotels/nulla.png',72647972,1,'2015-10-22 23:17:43','2021-02-07 13:43:13'),(36,68,'http://dropbox.net/bhotels/veniam.png',302558,2,'1971-09-15 05:25:39','2021-02-07 13:43:13'),(37,18,'http://dropbox.net/bhotels/neque.avi',3426155,1,'1931-09-17 14:28:06','2021-02-07 13:43:13'),(38,86,'http://dropbox.net/bhotels/provident.jpeg',5668953,2,'1941-03-01 08:24:00','2021-02-07 13:43:13'),(39,76,'http://dropbox.net/bhotels/ducimus.jpeg',10390853,1,'1935-07-23 01:33:04','2021-02-07 13:43:13'),(40,21,'http://dropbox.net/bhotels/facilis.png',34937409,2,'2018-05-01 05:35:07','2021-02-07 13:43:13'),(41,75,'http://dropbox.net/bhotels/sed.avi',928407545,1,'1993-06-30 17:17:25','2021-02-07 13:43:13'),(42,13,'http://dropbox.net/bhotels/cupiditate.avi',743087565,2,'1956-08-26 01:59:41','2021-02-07 13:43:13'),(43,41,'http://dropbox.net/bhotels/architecto.avi',64760747,1,'1998-11-29 07:02:29','2021-02-07 13:43:13'),(44,62,'http://dropbox.net/bhotels/qui.avi',43504489,2,'2016-03-15 04:54:08','2021-02-07 13:43:13'),(45,89,'http://dropbox.net/bhotels/veritatis.avi',12700223,1,'1937-03-15 02:04:24','2021-02-07 13:43:13'),(46,56,'http://dropbox.net/bhotels/omnis.png',32977651,2,'1943-01-25 19:58:31','2021-02-07 13:43:13'),(47,14,'http://dropbox.net/bhotels/nobis.avi',75582,1,'1976-09-11 05:47:21','2021-02-07 13:43:13'),(48,2,'http://dropbox.net/bhotels/minus.avi',26777590,2,'2018-03-23 06:41:00','2021-02-07 13:43:13'),(49,66,'http://dropbox.net/bhotels/veniam.mpeg4',34945000,1,'1928-09-23 20:58:50','2021-02-07 13:43:13'),(50,24,'http://dropbox.net/bhotels/est.jpeg',92994184,2,'2014-10-17 08:02:21','2021-02-07 13:43:13'),(51,23,'http://dropbox.net/bhotels/quo.jpeg',156767510,1,'1952-01-20 01:05:42','2021-02-07 13:43:13'),(52,40,'http://dropbox.net/bhotels/enim.jpeg',94382235,2,'1990-06-28 04:01:04','2021-02-07 13:43:13'),(53,31,'http://dropbox.net/bhotels/deserunt.png',39820753,1,'1998-10-28 21:46:14','2021-02-07 13:43:13'),(54,34,'http://dropbox.net/bhotels/ratione.avi',4165717,2,'1930-08-30 04:53:35','2021-02-07 13:43:13'),(55,78,'http://dropbox.net/bhotels/autem.jpeg',96317,1,'1950-09-03 11:16:21','2021-02-07 13:43:13'),(56,87,'http://dropbox.net/bhotels/ut.jpeg',835962874,2,'1980-04-26 20:50:56','2021-02-07 13:43:13'),(57,100,'http://dropbox.net/bhotels/esse.jpeg',419141824,1,'2012-11-19 06:26:01','2021-02-07 13:43:13'),(58,40,'http://dropbox.net/bhotels/harum.mpeg4',90584384,2,'1993-07-14 14:35:22','2021-02-07 13:43:13'),(59,97,'http://dropbox.net/bhotels/ea.avi',67066177,1,'1980-05-01 12:16:44','2021-02-07 13:43:13'),(60,67,'http://dropbox.net/bhotels/dolore.png',713634,2,'1981-08-21 02:27:51','2021-02-07 13:43:13'),(61,44,'http://dropbox.net/bhotels/ut.jpeg',52174186,1,'2009-02-28 04:29:33','2021-02-07 13:43:13'),(62,19,'http://dropbox.net/bhotels/quae.jpeg',339426710,2,'1999-02-18 05:09:33','2021-02-07 13:43:13'),(63,62,'http://dropbox.net/bhotels/et.jpeg',59662400,1,'1927-05-17 06:55:39','2021-02-07 13:43:13'),(64,51,'http://dropbox.net/bhotels/ab.jpeg',41779448,2,'1988-05-27 10:59:39','2021-02-07 13:43:13'),(65,69,'http://dropbox.net/bhotels/est.avi',10751707,1,'1979-04-22 04:19:41','2021-02-07 13:43:13'),(66,91,'http://dropbox.net/bhotels/minus.jpeg',837933,2,'1953-07-16 16:30:32','2021-02-07 13:43:13'),(67,49,'http://dropbox.net/bhotels/earum.jpeg',87157701,1,'1991-11-02 22:31:45','2021-02-07 13:43:13'),(68,69,'http://dropbox.net/bhotels/enim.png',29900043,2,'1921-06-11 22:44:44','2021-02-07 13:43:13'),(69,99,'http://dropbox.net/bhotels/non.mpeg4',24151876,1,'1981-01-26 20:17:54','2021-02-07 13:43:13'),(70,86,'http://dropbox.net/bhotels/adipisci.jpeg',42263,2,'1963-11-22 16:51:53','2021-02-07 13:43:13'),(71,32,'http://dropbox.net/bhotels/aspernatur.mpeg4',31049253,1,'1937-09-29 08:11:03','2021-02-07 13:43:13'),(72,2,'http://dropbox.net/bhotels/earum.mpeg4',82780639,2,'2010-12-13 20:16:38','2021-02-07 13:43:13'),(73,12,'http://dropbox.net/bhotels/illo.mpeg4',20745441,1,'2007-09-21 03:38:26','2021-02-07 13:43:13'),(74,55,'http://dropbox.net/bhotels/sunt.avi',52957305,2,'1998-10-22 06:09:02','2021-02-07 13:43:13'),(75,38,'http://dropbox.net/bhotels/aut.png',2308304,1,'1933-08-29 00:35:07','2021-02-07 13:43:13'),(76,26,'http://dropbox.net/bhotels/quis.jpeg',678830435,2,'1940-07-05 00:22:32','2021-02-07 13:43:13'),(77,15,'http://dropbox.net/bhotels/minima.avi',365009,1,'1985-09-27 12:32:55','2021-02-07 13:43:13'),(78,94,'http://dropbox.net/bhotels/omnis.mpeg4',64368,2,'1969-03-12 11:34:48','2021-02-07 13:43:13'),(79,28,'http://dropbox.net/bhotels/culpa.avi',494282,1,'1927-08-27 12:45:59','2021-02-07 13:43:13'),(80,55,'http://dropbox.net/bhotels/numquam.png',55375292,2,'1980-02-03 17:43:48','2021-02-07 13:43:13'),(81,91,'http://dropbox.net/bhotels/qui.jpeg',684824481,1,'2006-03-02 15:46:56','2021-02-07 13:43:13'),(82,92,'http://dropbox.net/bhotels/magni.png',46900099,2,'1931-12-11 09:40:26','2021-02-07 13:43:13'),(83,84,'http://dropbox.net/bhotels/autem.png',14630139,1,'1989-01-19 03:45:30','2021-02-07 13:43:13'),(84,42,'http://dropbox.net/bhotels/culpa.png',78220,2,'1956-09-07 20:02:59','2021-02-07 13:43:13'),(85,60,'http://dropbox.net/bhotels/molestiae.avi',41373956,1,'1994-07-13 12:48:53','2021-02-07 13:43:13'),(86,73,'http://dropbox.net/bhotels/aspernatur.png',7014822,2,'2020-07-11 03:08:16','2021-02-07 13:43:13'),(87,84,'http://dropbox.net/bhotels/eos.png',91173696,1,'2012-07-18 22:05:22','2021-02-07 13:43:13'),(88,2,'http://dropbox.net/bhotels/quis.mpeg4',34814019,2,'2017-02-15 13:41:03','2021-02-07 13:43:13'),(89,54,'http://dropbox.net/bhotels/qui.mpeg4',539009,1,'1934-10-06 06:35:05','2021-02-07 13:43:13'),(90,67,'http://dropbox.net/bhotels/illo.png',98242994,2,'1968-04-19 04:35:13','2021-02-07 13:43:13'),(91,73,'http://dropbox.net/bhotels/qui.jpeg',843033619,1,'1938-06-22 16:11:05','2021-02-07 13:43:13'),(92,63,'http://dropbox.net/bhotels/molestias.avi',1696660,2,'1965-05-27 18:39:47','2021-02-07 13:43:13'),(93,94,'http://dropbox.net/bhotels/sed.mpeg4',89587946,1,'1924-07-03 11:11:38','2021-02-07 13:43:13'),(94,80,'http://dropbox.net/bhotels/aut.avi',9268554,2,'1959-07-07 15:36:25','2021-02-07 13:43:13'),(95,20,'http://dropbox.net/bhotels/libero.png',10470370,1,'1930-12-14 03:59:23','2021-02-07 13:43:13'),(96,57,'http://dropbox.net/bhotels/eveniet.png',4960712,2,'2002-08-15 04:39:13','2021-02-07 13:43:13'),(97,23,'http://dropbox.net/bhotels/aut.png',53200749,1,'2015-05-30 18:51:00','2021-02-07 13:43:13'),(98,47,'http://dropbox.net/bhotels/et.png',97229914,2,'1969-12-29 20:53:13','2021-02-07 13:43:13'),(99,65,'http://dropbox.net/bhotels/iure.jpeg',22320,1,'1951-05-12 18:49:44','2021-02-07 13:43:13'),(100,83,'http://dropbox.net/bhotels/nulla.avi',438037827,2,'1978-02-14 06:56:24','2021-02-07 13:43:13');
/*!40000 ALTER TABLE `user_media` ENABLE KEYS */;
UNLOCK TABLES;

--
-- Table structure for table `users`
--

DROP TABLE IF EXISTS `users`;
/*!40101 SET @saved_cs_client     = @@character_set_client */;
/*!50503 SET character_set_client = utf8mb4 */;
CREATE TABLE `users` (
  `id` int unsigned NOT NULL AUTO_INCREMENT COMMENT 'Идентификатор строки',
  `first_name` varchar(100) CHARACTER SET utf8 COLLATE utf8_unicode_ci NOT NULL COMMENT 'Имя пользователя',
  `last_name` varchar(100) CHARACTER SET utf8 COLLATE utf8_unicode_ci NOT NULL COMMENT 'Фамилия пользователя',
  `birthday` date NOT NULL COMMENT 'Дата рождения',
  `email` varchar(100) CHARACTER SET utf8 COLLATE utf8_unicode_ci NOT NULL COMMENT 'Почта',
  `phone` varchar(100) CHARACTER SET utf8 COLLATE utf8_unicode_ci NOT NULL COMMENT 'Телефон',
  `city` varchar(130) CHARACTER SET utf8 COLLATE utf8_unicode_ci DEFAULT NULL COMMENT 'Город проживания',
  `country` varchar(130) CHARACTER SET utf8 COLLATE utf8_unicode_ci DEFAULT NULL COMMENT 'Страна проживания',
  `created_at` datetime DEFAULT CURRENT_TIMESTAMP COMMENT 'Время создания строки',
  `updated_at` datetime DEFAULT CURRENT_TIMESTAMP ON UPDATE CURRENT_TIMESTAMP COMMENT 'Время обновления строки',
  PRIMARY KEY (`id`),
  UNIQUE KEY `email` (`email`),
  UNIQUE KEY `phone` (`phone`),
  KEY `users_last_name_first_name_idx` (`last_name`,`first_name`)
) ENGINE=InnoDB AUTO_INCREMENT=101 DEFAULT CHARSET=utf8 COLLATE=utf8_unicode_ci COMMENT='Пользователи';
/*!40101 SET character_set_client = @saved_cs_client */;

--
-- Dumping data for table `users`
--

LOCK TABLES `users` WRITE;
/*!40000 ALTER TABLE `users` DISABLE KEYS */;
INSERT INTO `users` VALUES (1,'Ramona','Mohr','1995-02-14','santino39@zboncak.org','+77(3)3271099899','South Katelinhaven','Mayotte','2021-02-07 12:18:43','2021-02-07 12:18:43'),(2,'Garnet','Bayer','1984-01-12','lilyan96@yahoo.com','851-125-2400x3655','Conroybury','Bahrain','2021-02-07 12:18:43','2021-02-07 12:18:43'),(3,'Conor','Schuppe','2008-05-18','uwilliamson@gmail.com','158-964-5584x26681','South Vladimir','Bosnia and Herzegovina','2021-02-07 12:18:43','2021-02-07 12:18:43'),(4,'Chadrick','Murphy','1978-07-10','jschamberger@mills.com','(784)636-1408x82598','Kayliestad','Hungary','2021-02-07 12:18:43','2021-02-07 12:18:43'),(5,'Darron','Wiegand','2020-03-25','larson.violet@carrollgusikowski.com','00091568587','Rolfsonberg','Tokelau','2021-02-07 12:18:43','2021-02-07 12:18:43'),(6,'Ward','Corwin','1997-01-15','queen19@hotmail.com','04450163800','Port Lyla','Czech Republic','2021-02-07 12:18:43','2021-02-07 12:18:43'),(7,'Layla','Lehner','1971-12-07','amelia.predovic@macejkovicwelch.com','680.412.2536','Lake Royal','Georgia','2021-02-07 12:18:43','2021-02-07 12:18:43'),(8,'Obie','Boehm','2014-06-16','zita00@russelconroy.net','007.485.4730x38571','Lake Alysa','Belize','2021-02-07 12:18:43','2021-02-07 12:18:43'),(9,'Janice','Block','1979-05-15','karli.eichmann@raynor.com','1-788-493-9297x07937','Lake Eleanorahaven','Ecuador','1985-03-08 03:38:42','2021-02-07 12:18:40'),(10,'Garrick','Schmidt','1998-11-08','otis11@gmail.com','(823)943-9685x739','Ibrahimstad','Marshall Islands','2021-02-07 12:18:43','2021-02-07 12:18:43'),(11,'Amie','Williamson','2016-12-09','nicolas.humberto@pouros.com','889-445-1726x31483','Sabrynaside','Belize','2021-02-07 12:18:43','2021-02-07 12:18:43'),(12,'Santos','Krajcik','2004-01-27','hills.gregoria@nienow.info','1-980-697-0496x85644','West Rodrick','Sudan','2021-02-07 12:18:43','2021-02-07 12:18:43'),(13,'Dereck','Lynch','1975-05-01','boehm.octavia@orn.info','228-249-2521x583','Crooksstad','Algeria','2021-02-07 12:18:43','2021-02-07 12:18:43'),(14,'Alana','Daugherty','2008-04-11','rowe.elnora@yahoo.com','306.354.5299x1158','Schaeferfort','Guinea-Bissau','2021-02-07 12:18:43','2021-02-07 12:18:43'),(15,'Rosalia','Fadel','2006-11-17','franco.ondricka@skiles.com','(815)449-2738x134','Leostad','Singapore','2021-02-07 12:18:43','2021-02-07 12:18:43'),(16,'Gabriella','Howe','2016-05-09','west.robin@keeling.biz','725.027.7723x264','Reynoldsshire','Belize','2021-02-07 12:18:43','2021-02-07 12:18:43'),(17,'Gonzalo','Lynch','2016-04-17','gconn@gmail.com','680-895-3459','East Lanceville','Saint Lucia','2021-02-07 12:18:43','2021-02-07 12:18:43'),(18,'Margaretta','Funk','1988-02-29','qkertzmann@konopelskinienow.com','476.514.5128x3400','Kristofferside','Bolivia','2004-11-13 06:19:32','2021-02-07 12:18:40'),(19,'Magnus','Rempel','1990-09-19','zsporer@hotmail.com','(502)810-9803','North Keanufort','Senegal','2021-02-07 12:18:43','2021-02-07 12:18:43'),(20,'Stephon','Frami','2011-03-23','dietrich.cletus@gislason.com','722.722.3121','New Abagailfurt','Serbia','2021-02-07 12:18:43','2021-02-07 12:18:43'),(21,'Brent','Breitenberg','1987-03-07','amina34@gmail.com','+31(5)8622556261','South Estevan','Mauritius','2010-01-07 03:03:08','2021-02-07 12:18:40'),(22,'Quinn','Fahey','1980-02-02','terry.nikita@hegmannterry.com','496.002.3930x055','Turnerfort','Cameroon','2020-12-06 03:00:40','2021-02-07 12:18:40'),(23,'Colton','Bartell','1984-01-03','zjohns@wilkinson.com','583.602.2263','South Bartonview','Kiribati','2001-10-06 01:29:40','2021-02-07 12:18:40'),(24,'Alycia','Romaguera','2012-03-14','ylittle@yahoo.com','1-155-950-9282','Kuvalischester','Honduras','2021-02-07 12:18:43','2021-02-07 12:18:43'),(25,'Duncan','Purdy','1994-05-14','edmond16@heaney.org','177.962.1500x06168','South Pinkmouth','Malta','2021-02-07 12:18:43','2021-02-07 12:18:43'),(26,'Vincenza','Haag','2003-05-27','pmayert@mannemmerich.com','153-199-2234x2293','Lubowitzmouth','Libyan Arab Jamahiriya','2021-02-07 12:18:43','2021-02-07 12:18:43'),(27,'Gina','Rau','2002-03-21','gfriesen@becker.info','1-917-148-2320','North Brendan','Italy','2021-02-07 12:18:43','2021-02-07 12:18:43'),(28,'Margarete','Davis','1977-04-05','aaliyah46@swiftcollier.com','306.053.4130','North Lee','Turkey','2021-02-07 12:18:43','2021-02-07 12:18:43'),(29,'Rachel','Glover','2012-12-10','prosacco.eveline@yahoo.com','901.661.3367x18075','Lake Danielle','New Zealand','2021-02-07 12:18:43','2021-02-07 12:18:43'),(30,'Brooklyn','Braun','2018-07-13','bogisich.soledad@gmail.com','(170)162-5673x15727','West Gia','Indonesia','2021-02-07 12:18:43','2021-02-07 12:18:43'),(31,'Sonia','Hermiston','2010-06-29','nyundt@gmail.com','1-474-177-2305x1458','South Toneyhaven','Bolivia','2021-02-07 12:18:43','2021-02-07 12:18:43'),(32,'Cyril','Roberts','2003-02-18','fatima.walsh@yahoo.com','615.855.5328x87324','Generalmouth','Niger','2021-02-07 12:18:43','2021-02-07 12:18:43'),(33,'Irving','Gottlieb','2012-05-14','wilbert49@gmail.com','(660)631-1338','Leannafurt','Uzbekistan','2021-02-07 12:18:43','2021-02-07 12:18:43'),(34,'Marvin','Pouros','1979-12-02','elda79@bernhard.com','521-192-6828','West Othaburgh','Sudan','2021-02-07 12:18:43','2021-02-07 12:18:43'),(35,'Reid','Aufderhar','1995-08-06','beahan.jamison@kovacek.info','525-589-2854x2161','East Brayanburgh','Slovakia (Slovak Republic)','2021-02-07 12:18:43','2021-02-07 12:18:43'),(36,'Dortha','Mayer','2008-04-25','ricky.lynch@dietrich.com','(925)931-2719','Lake Haylee','American Samoa','2021-02-07 12:18:43','2021-02-07 12:18:43'),(37,'Ralph','Schneider','2017-06-24','eflatley@hotmail.com','1-803-266-8144','Port Madie','Papua New Guinea','2021-02-07 12:18:43','2021-02-07 12:18:43'),(38,'Jackson','Shanahan','1988-06-20','windler.rahsaan@borerjacobson.com','513.041.7305','Brooklynberg','Benin','2016-07-24 09:16:41','2021-02-07 12:18:40'),(39,'Carter','Dietrich','1991-10-21','kasey24@stiedemann.com','333-002-8542','New Marie','Bosnia and Herzegovina','2021-02-07 12:18:43','2021-02-07 12:18:43'),(40,'Heber','Runolfsson','1984-04-06','swift.santina@jakubowski.com','+70(9)4525559062','North Carolinastad','Western Sahara','2016-04-30 17:45:56','2021-02-07 12:18:40'),(41,'Gerardo','Batz','1984-12-11','zluettgen@yahoo.com','(983)400-1179x7465','East Clementinefort','Maldives','1999-01-22 13:12:34','2021-02-07 12:18:40'),(42,'Winona','Hauck','2020-06-14','wyman.malachi@gmail.com','293.272.2842','Ludwigfurt','Svalbard & Jan Mayen Islands','2021-02-07 12:18:43','2021-02-07 12:18:43'),(43,'Yazmin','Corkery','2011-03-27','queenie.herzog@gmail.com','782.423.7188x44623','Port Gage','Saint Kitts and Nevis','2021-02-07 12:18:43','2021-02-07 12:18:43'),(44,'Cathryn','Herzog','1978-09-15','wolff.dayana@mckenzie.com','1-274-935-0372','Greenholtfurt','Senegal','2021-02-07 12:18:43','2021-02-07 12:18:43'),(45,'Keyshawn','Barton','1985-10-13','ian.spinka@kassulke.org','791.490.5829','Minachester','Fiji','2021-02-07 12:18:43','2021-02-07 12:18:43'),(46,'Orion','Kovacek','1985-03-30','chermann@feest.com','1-713-979-0490','New Berniefort','Luxembourg','2021-01-01 01:35:38','2021-02-07 12:18:40'),(47,'Kamren','Kiehn','1995-10-24','jayce.farrell@reichel.com','1-232-568-5190x090','Maxineton','Norway','2021-02-07 12:18:43','2021-02-07 12:18:43'),(48,'Verna','Keeling','2012-04-13','lazaro32@batzmaggio.com','962.494.5003','Hamillbury','New Zealand','2021-02-07 12:18:43','2021-02-07 12:18:43'),(49,'Geraldine','Mitchell','2017-04-07','hal.farrell@yahoo.com','(063)938-0230x359','Alexandrealand','Georgia','2021-02-07 12:18:43','2021-02-07 12:18:43'),(50,'Sheila','Kemmer','1973-11-26','llakin@schumm.com','467.094.4199x0049','New Caleb','Italy','2009-12-21 00:33:20','2021-02-07 12:18:40'),(51,'Bonnie','Considine','2020-07-05','trenton.gutmann@gmail.com','03060763848','Estellborough','Bangladesh','2021-02-07 12:18:43','2021-02-07 12:18:43'),(52,'Ezra','Adams','1976-05-13','smith.braeden@hotmail.com','05766539990','McKenzieberg','Iran','2021-02-07 12:18:43','2021-02-07 12:18:43'),(53,'Hortense','Rodriguez','2002-01-17','mayer.lance@gmail.com','965.682.6130x58480','Kathrynton','Tonga','2021-02-07 12:18:43','2021-02-07 12:18:43'),(54,'Justyn','O\'Connell','1983-09-19','schiller.keaton@harvey.com','379.448.4063','Whitestad','Trinidad and Tobago','2008-02-06 12:46:47','2021-02-07 12:18:40'),(55,'Shania','Reinger','1996-08-23','blair43@watsicakohler.com','(292)472-0945x0820','Jacobifort','Tuvalu','2010-12-02 20:46:04','2021-02-07 12:18:40'),(56,'Tomasa','Skiles','1990-10-27','sabina83@mayerschultz.com','(678)478-1093x3079','Champlinport','French Guiana','2004-03-21 20:05:05','2021-02-07 12:18:40'),(57,'Larue','Bergstrom','1993-05-25','dawn59@yahoo.com','(269)819-0448','Port Revaview','Turks and Caicos Islands','2001-02-19 08:30:21','2021-02-07 12:18:40'),(58,'Agnes','Schmidt','2002-05-28','tommie51@yahoo.com','609-800-7582x52507','New Nathaniel','Liberia','2021-02-07 12:18:43','2021-02-07 12:18:43'),(59,'Alford','Kessler','1971-09-16','vivien.jacobson@jerdeheidenreich.com','(987)955-5304x4404','Yolandaport','Cote d\'Ivoire','1993-07-30 04:33:39','2021-02-07 12:18:40'),(60,'Madelyn','Hayes','1999-10-03','jerome42@osinski.com','062.873.8903','East Bradly','Iraq','2017-10-12 12:23:49','2021-02-07 12:18:40'),(61,'Zola','Treutel','1994-09-08','harvey04@yahoo.com','+99(7)5393560483','New Roxaneport','Cape Verde','2021-02-07 12:18:43','2021-02-07 12:18:43'),(62,'Gabrielle','Beier','2007-06-22','awintheiser@yahoo.com','04608537898','South Bessieland','Switzerland','2021-02-07 12:18:43','2021-02-07 12:18:43'),(63,'Kiley','Kuvalis','1979-09-21','mccullough.britney@hotmail.com','1-526-961-3612x075','East Aliceburgh','Djibouti','2003-05-29 02:13:34','2009-06-28 22:19:08'),(64,'Kira','Konopelski','1993-11-17','clint48@rowe.com','099.564.0261x9604','Runolfsdottirside','Pitcairn Islands','2021-02-07 12:18:43','2021-02-07 12:18:43'),(65,'Ruthie','Welch','2017-11-02','olson.nicolas@yahoo.com','(929)251-1500','East Maureenhaven','Vietnam','2021-02-07 12:18:43','2021-02-07 12:18:43'),(66,'Providenci','Medhurst','2008-07-28','dylan72@frami.info','680-389-5379x68090','Domenicatown','Cote d\'Ivoire','2021-02-07 12:18:43','2021-02-07 12:18:43'),(67,'Ray','Kemmer','1970-05-06','esperanza.moen@gmail.com','731.658.2003','North Nikomouth','Ireland','2021-02-07 12:18:43','2021-02-07 12:18:43'),(68,'Ericka','Kuhic','1977-04-19','donald.king@gmail.com','592-523-6264x39971','Gottliebmouth','Slovakia (Slovak Republic)','2021-02-07 12:18:43','2021-02-07 12:18:43'),(69,'Margot','Little','1999-02-25','luella.streich@yahoo.com','(330)736-4918x212','North Wayneton','Uzbekistan','2008-08-18 07:27:33','2021-02-07 12:18:40'),(70,'Dawn','Ryan','1973-10-31','mcarroll@hotmail.com','09846515023','Dachborough','Mongolia','2021-02-07 12:18:43','2021-02-07 12:18:43'),(71,'Hertha','Kertzmann','2006-06-22','thelma86@rutherford.com','1-455-924-0091x50416','New Generalport','Guinea-Bissau','2021-02-07 12:18:43','2021-02-07 12:18:43'),(72,'Lillian','Olson','1982-09-25','cora.boehm@gmail.com','451-801-7409x30224','Farrellbury','Liechtenstein','2009-08-10 14:59:28','2021-02-07 12:18:40'),(73,'Rosemary','Donnelly','2019-12-28','leon.fritsch@wiegand.info','163.271.1291','Port Maxine','Guernsey','2021-02-07 12:18:43','2021-02-07 12:18:43'),(74,'Deonte','Lang','1996-09-01','raul88@casper.net','1-973-627-6556x51958','D\'angeloport','Antigua and Barbuda','2021-02-07 12:18:43','2021-02-07 12:18:43'),(75,'Savanah','Greenfelder','1989-07-31','ykrajcik@hotmail.com','968.713.6520x55634','Elmirahaven','Somalia','2021-02-07 12:18:43','2021-02-07 12:18:43'),(76,'Marion','Wyman','1981-03-17','xking@hotmail.com','1-837-562-9160x09587','Aminachester','Romania','2008-06-23 06:40:42','2021-02-07 12:18:40'),(77,'Timmothy','Kris','1987-03-03','edyth.stokes@mcclure.org','1-111-196-1279','Susannaville','United Arab Emirates','2021-02-07 12:18:43','2021-02-07 12:18:43'),(78,'Jenifer','Renner','1988-04-16','hortense93@hotmail.com','591.825.9910','New Blanca','New Caledonia','2021-02-07 12:18:43','2021-02-07 12:18:43'),(79,'Ronaldo','Lockman','2006-01-16','jamie.bechtelar@dibbertwaters.org','+03(8)1975852901','Christinafort','American Samoa','2021-02-07 12:18:43','2021-02-07 12:18:43'),(80,'Margie','Paucek','1975-01-17','rosetta.durgan@yahoo.com','181-722-0450x607','Pricemouth','Cocos (Keeling) Islands','2021-02-07 12:18:43','2021-02-07 12:18:43'),(81,'Dexter','Collins','1987-10-06','scrist@gmail.com','(285)612-1657','Fayland','Kiribati','1998-06-08 21:50:49','2021-02-07 12:18:40'),(82,'Emerald','Lockman','2003-08-07','eula01@rodriguez.info','179-323-6337x3685','Lake Eileenfort','New Caledonia','2021-02-07 12:18:43','2021-02-07 12:18:43'),(83,'Dustin','Weber','1972-08-03','sim.dach@pfeffer.org','(771)352-0166','Homenickbury','Syrian Arab Republic','2007-07-28 10:50:29','2021-02-07 12:18:40'),(84,'Buford','Simonis','2004-10-10','cordelia20@pollich.info','1-332-515-5614','Port Kristopher','Peru','2021-02-07 12:18:43','2021-02-07 12:18:43'),(85,'Henry','Veum','1991-07-02','qgerlach@gmail.com','(077)067-1227x9724','South Sterlingborough','Peru','2015-09-23 21:26:15','2021-02-07 12:18:40'),(86,'Deondre','Emard','1987-03-29','geovanni11@yahoo.com','(074)710-3074x99469','Leschstad','Senegal','2003-12-21 14:27:55','2021-02-07 12:18:40'),(87,'Weldon','Ratke','2012-10-18','rosina.mitchell@hotmail.com','283-144-2759x0054','Welchmouth','Mongolia','2021-02-07 12:18:43','2021-02-07 12:18:43'),(88,'Milan','Heaney','1978-10-20','kemmer.enid@yahoo.com','512-452-1029x94714','North Haliebury','Japan','2021-02-07 12:18:43','2021-02-07 12:18:43'),(89,'Nora','McLaughlin','1982-02-08','rschiller@hotmail.com','487-692-4055x85722','East Martina','Malaysia','2014-12-20 12:14:47','2021-02-07 12:18:40'),(90,'Keshawn','Hayes','1979-04-18','cristopher70@gmail.com','06874546477','Harberland','Cambodia','2021-02-07 12:18:43','2021-02-07 12:18:43'),(91,'Roscoe','Upton','2005-02-07','kuhn.walton@hegmannratke.com','(624)942-8245x352','Joannyberg','Serbia','2021-02-07 12:18:43','2021-02-07 12:18:43'),(92,'Austen','Hodkiewicz','1998-12-09','wehner.nikki@gmail.com','1-155-553-2750x3783','East Jeramymouth','Saint Lucia','1999-11-27 17:31:15','2021-02-07 12:18:40'),(93,'Cathy','Rogahn','2003-09-16','olga.grimes@gmail.com','465.367.3189x478','Pasqualefort','Jamaica','2021-02-07 12:18:43','2021-02-07 12:18:43'),(94,'Gladyce','Treutel','2018-11-28','faustino.prosacco@gmail.com','859.195.7794x1170','Port Natstad','Faroe Islands','2021-02-07 12:18:43','2021-02-07 12:18:43'),(95,'Kacie','Stark','1981-09-02','jamel55@gmail.com','583.293.9852x188','Abdulfurt','Antigua and Barbuda','2021-02-07 12:18:43','2021-02-07 12:18:43'),(96,'Hollie','Smitham','2007-08-24','quitzon.wilmer@gmail.com','(469)735-6823x80271','Port Cathrine','Morocco','2021-02-07 12:18:43','2021-02-07 12:18:43'),(97,'Rahul','Sporer','1971-08-12','cummerata.lenore@gmail.com','(496)974-3207x954','Feilburgh','Chile','2021-02-07 12:18:43','2021-02-07 12:18:43'),(98,'Brandt','Johnson','1976-07-25','fabiola85@yahoo.com','03506174247','New Darbyville','Bahamas','1985-07-19 11:38:19','2021-02-07 12:18:40'),(99,'Art','Erdman','1992-12-18','stremblay@yahoo.com','1-531-211-8077','Kendricktown','India','2021-02-07 12:18:43','2021-02-07 12:18:43'),(100,'Leilani','Price','1996-08-11','dach.mariela@collins.info','1-999-681-0384x5593','Lake Litzy','Bahamas','2021-02-07 12:18:43','2021-02-07 12:18:43');
/*!40000 ALTER TABLE `users` ENABLE KEYS */;
UNLOCK TABLES;
/*!40103 SET TIME_ZONE=@OLD_TIME_ZONE */;

/*!40101 SET SQL_MODE=@OLD_SQL_MODE */;
/*!40014 SET FOREIGN_KEY_CHECKS=@OLD_FOREIGN_KEY_CHECKS */;
/*!40014 SET UNIQUE_CHECKS=@OLD_UNIQUE_CHECKS */;
/*!40101 SET CHARACTER_SET_CLIENT=@OLD_CHARACTER_SET_CLIENT */;
/*!40101 SET CHARACTER_SET_RESULTS=@OLD_CHARACTER_SET_RESULTS */;
/*!40101 SET COLLATION_CONNECTION=@OLD_COLLATION_CONNECTION */;
/*!40111 SET SQL_NOTES=@OLD_SQL_NOTES */;

-- Dump completed on 2021-02-07 18:51:19
